,county,state,fips
0,Autauga County,AL,1001
1,Baldwin County,AL,1003
2,Barbour County,AL,1005
3,Bibb County,AL,1007
4,Blount County,AL,1009
5,Bullock County,AL,1011
6,Butler County,AL,1013
7,Calhoun County,AL,1015
8,Chambers County,AL,1017
9,Cherokee County,AL,1019
10,Chilton County,AL,1021
11,Choctaw County,AL,1023
12,Clarke County,AL,1025
13,Clay County,AL,1027
14,Cleburne County,AL,1029
15,Coffee County,AL,1031
16,Colbert County,AL,1033
17,Conecuh County,AL,1035
18,Coosa County,AL,1037
19,Covington County,AL,1039
20,Crenshaw County,AL,1041
21,Cullman County,AL,1043
22,Dale County,AL,1045
23,Dallas County,AL,1047
24,Dekalb County,AL,1049
25,Elmore County,AL,1051
26,Escambia County,AL,1053
27,Etowah County,AL,1055
28,Fayette County,AL,1057
29,Franklin County,AL,1059
30,Geneva County,AL,1061
31,Greene County,AL,1063
32,Hale County,AL,1065
33,Henry County,AL,1067
34,Houston County,AL,1069
35,Jackson County,AL,1071
36,Jefferson County,AL,1073
37,Lamar County,AL,1075
38,Lauderdale County,AL,1077
39,Lawrence County,AL,1079
40,Lee County,AL,1081
41,Limestone County,AL,1083
42,Lowndes County,AL,1085
43,Macon County,AL,1087
44,Madison County,AL,1089
45,Marengo County,AL,1091
46,Marion County,AL,1093
47,Marshall County,AL,1095
48,Mobile County,AL,1097
49,Monroe County,AL,1099
50,Montgomery County,AL,1101
51,Morgan County,AL,1103
52,Perry County,AL,1105
53,Pickens County,AL,1107
54,Pike County,AL,1109
55,Randolph County,AL,1111
56,Russell County,AL,1113
57,St. Clair County,AL,1115
58,Shelby County,AL,1117
59,Sumter County,AL,1119
60,Talladega County,AL,1121
61,Tallapoosa County,AL,1123
62,Tuscaloosa County,AL,1125
63,Walker County,AL,1127
64,Washington County,AL,1129
65,Wilcox County,AL,1131
66,Winston County,AL,1133
67,Aleutians East Borough,AK,2013
68,Aleutians West Census Area,AK,2016
69,Anchorage Municipality,AK,2020
70,Bethel Census Area,AK,2050
71,Bristol Bay Borough,AK,2060
72,Denali Borough,AK,2068
73,Dillingham Census Area,AK,2070
74,Fairbanks North Star Borough,AK,2090
75,Haines Borough,AK,2100
76,Hoonah-Angoon Census Area,AK,2105
77,Juneau City And Borough,AK,2110
78,Kenai Peninsula Borough,AK,2122
79,Ketchikan Gateway Borough,AK,2130
80,Kodiak Island Borough,AK,2150
81,Lake And Peninsula Borough,AK,2164
82,Matanuska-Susitna Borough,AK,2170
83,Nome Census Area,AK,2180
84,North Slope Borough,AK,2185
85,Northwest Arctic Borough,AK,2188
86,Petersburg Census Area,AK,2195
87,Prince Of Wales-Hyder Census Area,AK,2201
88,Sitka City And Borough,AK,2220
89,Skagway Municipality,AK,2232
90,Southeast Fairbanks Census Area,AK,2240
91,Valdez-Cordova Census Area,AK,2261
92,Wade Hampton Census Area,AK,2270
93,Wrangell City And Borough,AK,2280
94,Yakutat City And Borough,AK,2282
95,Yukon-Koyukuk Census Area,AK,2290
96,Apache County,AZ,4001
97,Cochise County,AZ,4003
98,Coconino County,AZ,4005
99,Gila County,AZ,4007
100,Graham County,AZ,4009
101,Greenlee County,AZ,4011
102,La Paz County,AZ,4012
103,Maricopa County,AZ,4013
104,Mohave County,AZ,4015
105,Navajo County,AZ,4017
106,Pima County,AZ,4019
107,Pinal County,AZ,4021
108,Santa Cruz County,AZ,4023
109,Yavapai County,AZ,4025
110,Yuma County,AZ,4027
111,Arkansas County,AR,5001
112,Ashley County,AR,5003
113,Baxter County,AR,5005
114,Benton County,AR,5007
115,Boone County,AR,5009
116,Bradley County,AR,5011
117,Calhoun County,AR,5013
118,Carroll County,AR,5015
119,Chicot County,AR,5017
120,Clark County,AR,5019
121,Clay County,AR,5021
122,Cleburne County,AR,5023
123,Cleveland County,AR,5025
124,Columbia County,AR,5027
125,Conway County,AR,5029
126,Craighead County,AR,5031
127,Crawford County,AR,5033
128,Crittenden County,AR,5035
129,Cross County,AR,5037
130,Dallas County,AR,5039
131,Desha County,AR,5041
132,Drew County,AR,5043
133,Faulkner County,AR,5045
134,Franklin County,AR,5047
135,Fulton County,AR,5049
136,Garland County,AR,5051
137,Grant County,AR,5053
138,Greene County,AR,5055
139,Hempstead County,AR,5057
140,Hot Spring County,AR,5059
141,Howard County,AR,5061
142,Independence County,AR,5063
143,Izard County,AR,5065
144,Jackson County,AR,5067
145,Jefferson County,AR,5069
146,Johnson County,AR,5071
147,Lafayette County,AR,5073
148,Lawrence County,AR,5075
149,Lee County,AR,5077
150,Lincoln County,AR,5079
151,Little River County,AR,5081
152,Logan County,AR,5083
153,Lonoke County,AR,5085
154,Madison County,AR,5087
155,Marion County,AR,5089
156,Miller County,AR,5091
157,Mississippi County,AR,5093
158,Monroe County,AR,5095
159,Montgomery County,AR,5097
160,Nevada County,AR,5099
161,Newton County,AR,5101
162,Ouachita County,AR,5103
163,Perry County,AR,5105
164,Phillips County,AR,5107
165,Pike County,AR,5109
166,Poinsett County,AR,5111
167,Polk County,AR,5113
168,Pope County,AR,5115
169,Prairie County,AR,5117
170,Pulaski County,AR,5119
171,Randolph County,AR,5121
172,St. Francis County,AR,5123
173,Saline County,AR,5125
174,Scott County,AR,5127
175,Searcy County,AR,5129
176,Sebastian County,AR,5131
177,Sevier County,AR,5133
178,Sharp County,AR,5135
179,Stone County,AR,5137
180,Union County,AR,5139
181,Van Buren County,AR,5141
182,Washington County,AR,5143
183,White County,AR,5145
184,Woodruff County,AR,5147
185,Yell County,AR,5149
186,Alameda County,CA,6001
187,Alpine County,CA,6003
188,Amador County,CA,6005
189,Butte County,CA,6007
190,Calaveras County,CA,6009
191,Colusa County,CA,6011
192,Contra Costa County,CA,6013
193,Del Norte County,CA,6015
194,El Dorado County,CA,6017
195,Fresno County,CA,6019
196,Glenn County,CA,6021
197,Humboldt County,CA,6023
198,Imperial County,CA,6025
199,Inyo County,CA,6027
200,Kern County,CA,6029
201,Kings County,CA,6031
202,Lake County,CA,6033
203,Lassen County,CA,6035
204,Los Angeles County,CA,6037
205,Madera County,CA,6039
206,Marin County,CA,6041
207,Mariposa County,CA,6043
208,Mendocino County,CA,6045
209,Merced County,CA,6047
210,Modoc County,CA,6049
211,Mono County,CA,6051
212,Monterey County,CA,6053
213,Napa County,CA,6055
214,Nevada County,CA,6057
215,Orange County,CA,6059
216,Placer County,CA,6061
217,Plumas County,CA,6063
218,Riverside County,CA,6065
219,Sacramento County,CA,6067
220,San Benito County,CA,6069
221,San Bernardino County,CA,6071
222,San Diego County,CA,6073
223,San Francisco County,CA,6075
224,San Joaquin County,CA,6077
225,San Luis Obispo County,CA,6079
226,San Mateo County,CA,6081
227,Santa Barbara County,CA,6083
228,Santa Clara County,CA,6085
229,Santa Cruz County,CA,6087
230,Shasta County,CA,6089
231,Sierra County,CA,6091
232,Siskiyou County,CA,6093
233,Solano County,CA,6095
234,Sonoma County,CA,6097
235,Stanislaus County,CA,6099
236,Sutter County,CA,6101
237,Tehama County,CA,6103
238,Trinity County,CA,6105
239,Tulare County,CA,6107
240,Tuolumne County,CA,6109
241,Ventura County,CA,6111
242,Yolo County,CA,6113
243,Yuba County,CA,6115
244,Adams County,CO,8001
245,Alamosa County,CO,8003
246,Arapahoe County,CO,8005
247,Archuleta County,CO,8007
248,Baca County,CO,8009
249,Bent County,CO,8011
250,Boulder County,CO,8013
251,Broomfield County,CO,8014
252,Chaffee County,CO,8015
253,Cheyenne County,CO,8017
254,Clear Creek County,CO,8019
255,Conejos County,CO,8021
256,Costilla County,CO,8023
257,Crowley County,CO,8025
258,Custer County,CO,8027
259,Delta County,CO,8029
260,Denver County,CO,8031
261,Dolores County,CO,8033
262,Douglas County,CO,8035
263,Eagle County,CO,8037
264,Elbert County,CO,8039
265,El Paso County,CO,8041
266,Fremont County,CO,8043
267,Garfield County,CO,8045
268,Gilpin County,CO,8047
269,Grand County,CO,8049
270,Gunnison County,CO,8051
271,Hinsdale County,CO,8053
272,Huerfano County,CO,8055
273,Jackson County,CO,8057
274,Jefferson County,CO,8059
275,Kiowa County,CO,8061
276,Kit Carson County,CO,8063
277,Lake County,CO,8065
278,La Plata County,CO,8067
279,Larimer County,CO,8069
280,Las Animas County,CO,8071
281,Lincoln County,CO,8073
282,Logan County,CO,8075
283,Mesa County,CO,8077
284,Mineral County,CO,8079
285,Moffat County,CO,8081
286,Montezuma County,CO,8083
287,Montrose County,CO,8085
288,Morgan County,CO,8087
289,Otero County,CO,8089
290,Ouray County,CO,8091
291,Park County,CO,8093
292,Phillips County,CO,8095
293,Pitkin County,CO,8097
294,Prowers County,CO,8099
295,Pueblo County,CO,8101
296,Rio Blanco County,CO,8103
297,Rio Grande County,CO,8105
298,Routt County,CO,8107
299,Saguache County,CO,8109
300,San Juan County,CO,8111
301,San Miguel County,CO,8113
302,Sedgwick County,CO,8115
303,Summit County,CO,8117
304,Teller County,CO,8119
305,Washington County,CO,8121
306,Weld County,CO,8123
307,Yuma County,CO,8125
308,Fairfield County,CT,9001
309,Hartford County,CT,9003
310,Litchfield County,CT,9005
311,Middlesex County,CT,9007
312,New Haven County,CT,9009
313,New London County,CT,9011
314,Tolland County,CT,9013
315,Windham County,CT,9015
316,Kent County,DE,10001
317,New Castle County,DE,10003
318,Sussex County,DE,10005
319,District Of Columbia,DC,11001
320,Alachua County,FL,12001
321,Baker County,FL,12003
322,Bay County,FL,12005
323,Bradford County,FL,12007
324,Brevard County,FL,12009
325,Broward County,FL,12011
326,Calhoun County,FL,12013
327,Charlotte County,FL,12015
328,Citrus County,FL,12017
329,Clay County,FL,12019
330,Collier County,FL,12021
331,Columbia County,FL,12023
332,Desoto County,FL,12027
333,Dixie County,FL,12029
334,Duval County,FL,12031
335,Escambia County,FL,12033
336,Flagler County,FL,12035
337,Franklin County,FL,12037
338,Gadsden County,FL,12039
339,Gilchrist County,FL,12041
340,Glades County,FL,12043
341,Gulf County,FL,12045
342,Hamilton County,FL,12047
343,Hardee County,FL,12049
344,Hendry County,FL,12051
345,Hernando County,FL,12053
346,Highlands County,FL,12055
347,Hillsborough County,FL,12057
348,Holmes County,FL,12059
349,Indian River County,FL,12061
350,Jackson County,FL,12063
351,Jefferson County,FL,12065
352,Lafayette County,FL,12067
353,Lake County,FL,12069
354,Lee County,FL,12071
355,Leon County,FL,12073
356,Levy County,FL,12075
357,Liberty County,FL,12077
358,Madison County,FL,12079
359,Manatee County,FL,12081
360,Marion County,FL,12083
361,Martin County,FL,12085
362,Miami-Dade County,FL,12086
363,Monroe County,FL,12087
364,Nassau County,FL,12089
365,Okaloosa County,FL,12091
366,Okeechobee County,FL,12093
367,Orange County,FL,12095
368,Osceola County,FL,12097
369,Palm Beach County,FL,12099
370,Pasco County,FL,12101
371,Pinellas County,FL,12103
372,Polk County,FL,12105
373,Putnam County,FL,12107
374,St. Johns County,FL,12109
375,St. Lucie County,FL,12111
376,Santa Rosa County,FL,12113
377,Sarasota County,FL,12115
378,Seminole County,FL,12117
379,Sumter County,FL,12119
380,Suwannee County,FL,12121
381,Taylor County,FL,12123
382,Union County,FL,12125
383,Volusia County,FL,12127
384,Wakulla County,FL,12129
385,Walton County,FL,12131
386,Washington County,FL,12133
387,Appling County,GA,13001
388,Atkinson County,GA,13003
389,Bacon County,GA,13005
390,Baker County,GA,13007
391,Baldwin County,GA,13009
392,Banks County,GA,13011
393,Barrow County,GA,13013
394,Bartow County,GA,13015
395,Ben Hill County,GA,13017
396,Berrien County,GA,13019
397,Bibb County,GA,13021
398,Bleckley County,GA,13023
399,Brantley County,GA,13025
400,Brooks County,GA,13027
401,Bryan County,GA,13029
402,Bulloch County,GA,13031
403,Burke County,GA,13033
404,Butts County,GA,13035
405,Calhoun County,GA,13037
406,Camden County,GA,13039
407,Candler County,GA,13043
408,Carroll County,GA,13045
409,Catoosa County,GA,13047
410,Charlton County,GA,13049
411,Chatham County,GA,13051
412,Chattahoochee County,GA,13053
413,Chattooga County,GA,13055
414,Cherokee County,GA,13057
415,Clarke County,GA,13059
416,Clay County,GA,13061
417,Clayton County,GA,13063
418,Clinch County,GA,13065
419,Cobb County,GA,13067
420,Coffee County,GA,13069
421,Colquitt County,GA,13071
422,Columbia County,GA,13073
423,Cook County,GA,13075
424,Coweta County,GA,13077
425,Crawford County,GA,13079
426,Crisp County,GA,13081
427,Dade County,GA,13083
428,Dawson County,GA,13085
429,Decatur County,GA,13087
430,Dekalb County,GA,13089
431,Dodge County,GA,13091
432,Dooly County,GA,13093
433,Dougherty County,GA,13095
434,Douglas County,GA,13097
435,Early County,GA,13099
436,Echols County,GA,13101
437,Effingham County,GA,13103
438,Elbert County,GA,13105
439,Emanuel County,GA,13107
440,Evans County,GA,13109
441,Fannin County,GA,13111
442,Fayette County,GA,13113
443,Floyd County,GA,13115
444,Forsyth County,GA,13117
445,Franklin County,GA,13119
446,Fulton County,GA,13121
447,Gilmer County,GA,13123
448,Glascock County,GA,13125
449,Glynn County,GA,13127
450,Gordon County,GA,13129
451,Grady County,GA,13131
452,Greene County,GA,13133
453,Gwinnett County,GA,13135
454,Habersham County,GA,13137
455,Hall County,GA,13139
456,Hancock County,GA,13141
457,Haralson County,GA,13143
458,Harris County,GA,13145
459,Hart County,GA,13147
460,Heard County,GA,13149
461,Henry County,GA,13151
462,Houston County,GA,13153
463,Irwin County,GA,13155
464,Jackson County,GA,13157
465,Jasper County,GA,13159
466,Jeff Davis County,GA,13161
467,Jefferson County,GA,13163
468,Jenkins County,GA,13165
469,Johnson County,GA,13167
470,Jones County,GA,13169
471,Lamar County,GA,13171
472,Lanier County,GA,13173
473,Laurens County,GA,13175
474,Lee County,GA,13177
475,Liberty County,GA,13179
476,Lincoln County,GA,13181
477,Long County,GA,13183
478,Lowndes County,GA,13185
479,Lumpkin County,GA,13187
480,Mcduffie County,GA,13189
481,Mcintosh County,GA,13191
482,Macon County,GA,13193
483,Madison County,GA,13195
484,Marion County,GA,13197
485,Meriwether County,GA,13199
486,Miller County,GA,13201
487,Mitchell County,GA,13205
488,Monroe County,GA,13207
489,Montgomery County,GA,13209
490,Morgan County,GA,13211
491,Murray County,GA,13213
492,Muscogee County,GA,13215
493,Newton County,GA,13217
494,Oconee County,GA,13219
495,Oglethorpe County,GA,13221
496,Paulding County,GA,13223
497,Peach County,GA,13225
498,Pickens County,GA,13227
499,Pierce County,GA,13229
500,Pike County,GA,13231
501,Polk County,GA,13233
502,Pulaski County,GA,13235
503,Putnam County,GA,13237
504,Quitman County,GA,13239
505,Rabun County,GA,13241
506,Randolph County,GA,13243
507,Richmond County,GA,13245
508,Rockdale County,GA,13247
509,Schley County,GA,13249
510,Screven County,GA,13251
511,Seminole County,GA,13253
512,Spalding County,GA,13255
513,Stephens County,GA,13257
514,Stewart County,GA,13259
515,Sumter County,GA,13261
516,Talbot County,GA,13263
517,Taliaferro County,GA,13265
518,Tattnall County,GA,13267
519,Taylor County,GA,13269
520,Telfair County,GA,13271
521,Terrell County,GA,13273
522,Thomas County,GA,13275
523,Tift County,GA,13277
524,Toombs County,GA,13279
525,Towns County,GA,13281
526,Treutlen County,GA,13283
527,Troup County,GA,13285
528,Turner County,GA,13287
529,Twiggs County,GA,13289
530,Union County,GA,13291
531,Upson County,GA,13293
532,Walker County,GA,13295
533,Walton County,GA,13297
534,Ware County,GA,13299
535,Warren County,GA,13301
536,Washington County,GA,13303
537,Wayne County,GA,13305
538,Webster County,GA,13307
539,Wheeler County,GA,13309
540,White County,GA,13311
541,Whitfield County,GA,13313
542,Wilcox County,GA,13315
543,Wilkes County,GA,13317
544,Wilkinson County,GA,13319
545,Worth County,GA,13321
546,Hawaii County,HI,15001
547,Honolulu County,HI,15003
548,Kalawao County,HI,15005
549,Kauai County,HI,15007
550,Maui County,HI,15009
551,Ada County,ID,16001
552,Adams County,ID,16003
553,Bannock County,ID,16005
554,Bear Lake County,ID,16007
555,Benewah County,ID,16009
556,Bingham County,ID,16011
557,Blaine County,ID,16013
558,Boise County,ID,16015
559,Bonner County,ID,16017
560,Bonneville County,ID,16019
561,Boundary County,ID,16021
562,Butte County,ID,16023
563,Camas County,ID,16025
564,Canyon County,ID,16027
565,Caribou County,ID,16029
566,Cassia County,ID,16031
567,Clark County,ID,16033
568,Clearwater County,ID,16035
569,Custer County,ID,16037
570,Elmore County,ID,16039
571,Franklin County,ID,16041
572,Fremont County,ID,16043
573,Gem County,ID,16045
574,Gooding County,ID,16047
575,Idaho County,ID,16049
576,Jefferson County,ID,16051
577,Jerome County,ID,16053
578,Kootenai County,ID,16055
579,Latah County,ID,16057
580,Lemhi County,ID,16059
581,Lewis County,ID,16061
582,Lincoln County,ID,16063
583,Madison County,ID,16065
584,Minidoka County,ID,16067
585,Nez Perce County,ID,16069
586,Oneida County,ID,16071
587,Owyhee County,ID,16073
588,Payette County,ID,16075
589,Power County,ID,16077
590,Shoshone County,ID,16079
591,Teton County,ID,16081
592,Twin Falls County,ID,16083
593,Valley County,ID,16085
594,Washington County,ID,16087
595,Adams County,IL,17001
596,Alexander County,IL,17003
597,Bond County,IL,17005
598,Boone County,IL,17007
599,Brown County,IL,17009
600,Bureau County,IL,17011
601,Calhoun County,IL,17013
602,Carroll County,IL,17015
603,Cass County,IL,17017
604,Champaign County,IL,17019
605,Christian County,IL,17021
606,Clark County,IL,17023
607,Clay County,IL,17025
608,Clinton County,IL,17027
609,Coles County,IL,17029
610,Cook County,IL,17031
611,Crawford County,IL,17033
612,Cumberland County,IL,17035
613,Dekalb County,IL,17037
614,De Witt County,IL,17039
615,Douglas County,IL,17041
616,Dupage County,IL,17043
617,Edgar County,IL,17045
618,Edwards County,IL,17047
619,Effingham County,IL,17049
620,Fayette County,IL,17051
621,Ford County,IL,17053
622,Franklin County,IL,17055
623,Fulton County,IL,17057
624,Gallatin County,IL,17059
625,Greene County,IL,17061
626,Grundy County,IL,17063
627,Hamilton County,IL,17065
628,Hancock County,IL,17067
629,Hardin County,IL,17069
630,Henderson County,IL,17071
631,Henry County,IL,17073
632,Iroquois County,IL,17075
633,Jackson County,IL,17077
634,Jasper County,IL,17079
635,Jefferson County,IL,17081
636,Jersey County,IL,17083
637,Jo Daviess County,IL,17085
638,Johnson County,IL,17087
639,Kane County,IL,17089
640,Kankakee County,IL,17091
641,Kendall County,IL,17093
642,Knox County,IL,17095
643,Lake County,IL,17097
644,Lasalle County,IL,17099
645,Lawrence County,IL,17101
646,Lee County,IL,17103
647,Livingston County,IL,17105
648,Logan County,IL,17107
649,Mcdonough County,IL,17109
650,Mchenry County,IL,17111
651,Mclean County,IL,17113
652,Macon County,IL,17115
653,Macoupin County,IL,17117
654,Madison County,IL,17119
655,Marion County,IL,17121
656,Marshall County,IL,17123
657,Mason County,IL,17125
658,Massac County,IL,17127
659,Menard County,IL,17129
660,Mercer County,IL,17131
661,Monroe County,IL,17133
662,Montgomery County,IL,17135
663,Morgan County,IL,17137
664,Moultrie County,IL,17139
665,Ogle County,IL,17141
666,Peoria County,IL,17143
667,Perry County,IL,17145
668,Piatt County,IL,17147
669,Pike County,IL,17149
670,Pope County,IL,17151
671,Pulaski County,IL,17153
672,Putnam County,IL,17155
673,Randolph County,IL,17157
674,Richland County,IL,17159
675,Rock Island County,IL,17161
676,St. Clair County,IL,17163
677,Saline County,IL,17165
678,Sangamon County,IL,17167
679,Schuyler County,IL,17169
680,Scott County,IL,17171
681,Shelby County,IL,17173
682,Stark County,IL,17175
683,Stephenson County,IL,17177
684,Tazewell County,IL,17179
685,Union County,IL,17181
686,Vermilion County,IL,17183
687,Wabash County,IL,17185
688,Warren County,IL,17187
689,Washington County,IL,17189
690,Wayne County,IL,17191
691,White County,IL,17193
692,Whiteside County,IL,17195
693,Will County,IL,17197
694,Williamson County,IL,17199
695,Winnebago County,IL,17201
696,Woodford County,IL,17203
697,Adams County,IN,18001
698,Allen County,IN,18003
699,Bartholomew County,IN,18005
700,Benton County,IN,18007
701,Blackford County,IN,18009
702,Boone County,IN,18011
703,Brown County,IN,18013
704,Carroll County,IN,18015
705,Cass County,IN,18017
706,Clark County,IN,18019
707,Clay County,IN,18021
708,Clinton County,IN,18023
709,Crawford County,IN,18025
710,Daviess County,IN,18027
711,Dearborn County,IN,18029
712,Decatur County,IN,18031
713,Dekalb County,IN,18033
714,Delaware County,IN,18035
715,Dubois County,IN,18037
716,Elkhart County,IN,18039
717,Fayette County,IN,18041
718,Floyd County,IN,18043
719,Fountain County,IN,18045
720,Franklin County,IN,18047
721,Fulton County,IN,18049
722,Gibson County,IN,18051
723,Grant County,IN,18053
724,Greene County,IN,18055
725,Hamilton County,IN,18057
726,Hancock County,IN,18059
727,Harrison County,IN,18061
728,Hendricks County,IN,18063
729,Henry County,IN,18065
730,Howard County,IN,18067
731,Huntington County,IN,18069
732,Jackson County,IN,18071
733,Jasper County,IN,18073
734,Jay County,IN,18075
735,Jefferson County,IN,18077
736,Jennings County,IN,18079
737,Johnson County,IN,18081
738,Knox County,IN,18083
739,Kosciusko County,IN,18085
740,Lagrange County,IN,18087
741,Lake County,IN,18089
742,Laporte County,IN,18091
743,Lawrence County,IN,18093
744,Madison County,IN,18095
745,Marion County,IN,18097
746,Marshall County,IN,18099
747,Martin County,IN,18101
748,Miami County,IN,18103
749,Monroe County,IN,18105
750,Montgomery County,IN,18107
751,Morgan County,IN,18109
752,Newton County,IN,18111
753,Noble County,IN,18113
754,Ohio County,IN,18115
755,Orange County,IN,18117
756,Owen County,IN,18119
757,Parke County,IN,18121
758,Perry County,IN,18123
759,Pike County,IN,18125
760,Porter County,IN,18127
761,Posey County,IN,18129
762,Pulaski County,IN,18131
763,Putnam County,IN,18133
764,Randolph County,IN,18135
765,Ripley County,IN,18137
766,Rush County,IN,18139
767,St. Joseph County,IN,18141
768,Scott County,IN,18143
769,Shelby County,IN,18145
770,Spencer County,IN,18147
771,Starke County,IN,18149
772,Steuben County,IN,18151
773,Sullivan County,IN,18153
774,Switzerland County,IN,18155
775,Tippecanoe County,IN,18157
776,Tipton County,IN,18159
777,Union County,IN,18161
778,Vanderburgh County,IN,18163
779,Vermillion County,IN,18165
780,Vigo County,IN,18167
781,Wabash County,IN,18169
782,Warren County,IN,18171
783,Warrick County,IN,18173
784,Washington County,IN,18175
785,Wayne County,IN,18177
786,Wells County,IN,18179
787,White County,IN,18181
788,Whitley County,IN,18183
789,Adair County,IA,19001
790,Adams County,IA,19003
791,Allamakee County,IA,19005
792,Appanoose County,IA,19007
793,Audubon County,IA,19009
794,Benton County,IA,19011
795,Black Hawk County,IA,19013
796,Boone County,IA,19015
797,Bremer County,IA,19017
798,Buchanan County,IA,19019
799,Buena Vista County,IA,19021
800,Butler County,IA,19023
801,Calhoun County,IA,19025
802,Carroll County,IA,19027
803,Cass County,IA,19029
804,Cedar County,IA,19031
805,Cerro Gordo County,IA,19033
806,Cherokee County,IA,19035
807,Chickasaw County,IA,19037
808,Clarke County,IA,19039
809,Clay County,IA,19041
810,Clayton County,IA,19043
811,Clinton County,IA,19045
812,Crawford County,IA,19047
813,Dallas County,IA,19049
814,Davis County,IA,19051
815,Decatur County,IA,19053
816,Delaware County,IA,19055
817,Des Moines County,IA,19057
818,Dickinson County,IA,19059
819,Dubuque County,IA,19061
820,Emmet County,IA,19063
821,Fayette County,IA,19065
822,Floyd County,IA,19067
823,Franklin County,IA,19069
824,Fremont County,IA,19071
825,Greene County,IA,19073
826,Grundy County,IA,19075
827,Guthrie County,IA,19077
828,Hamilton County,IA,19079
829,Hancock County,IA,19081
830,Hardin County,IA,19083
831,Harrison County,IA,19085
832,Henry County,IA,19087
833,Howard County,IA,19089
834,Humboldt County,IA,19091
835,Ida County,IA,19093
836,Iowa County,IA,19095
837,Jackson County,IA,19097
838,Jasper County,IA,19099
839,Jefferson County,IA,19101
840,Johnson County,IA,19103
841,Jones County,IA,19105
842,Keokuk County,IA,19107
843,Kossuth County,IA,19109
844,Lee County,IA,19111
845,Linn County,IA,19113
846,Louisa County,IA,19115
847,Lucas County,IA,19117
848,Lyon County,IA,19119
849,Madison County,IA,19121
850,Mahaska County,IA,19123
851,Marion County,IA,19125
852,Marshall County,IA,19127
853,Mills County,IA,19129
854,Mitchell County,IA,19131
855,Monona County,IA,19133
856,Monroe County,IA,19135
857,Montgomery County,IA,19137
858,Muscatine County,IA,19139
859,O'Brien County,IA,19141
860,Osceola County,IA,19143
861,Page County,IA,19145
862,Palo Alto County,IA,19147
863,Plymouth County,IA,19149
864,Pocahontas County,IA,19151
865,Polk County,IA,19153
866,Pottawattamie County,IA,19155
867,Poweshiek County,IA,19157
868,Ringgold County,IA,19159
869,Sac County,IA,19161
870,Scott County,IA,19163
871,Shelby County,IA,19165
872,Sioux County,IA,19167
873,Story County,IA,19169
874,Tama County,IA,19171
875,Taylor County,IA,19173
876,Union County,IA,19175
877,Van Buren County,IA,19177
878,Wapello County,IA,19179
879,Warren County,IA,19181
880,Washington County,IA,19183
881,Wayne County,IA,19185
882,Webster County,IA,19187
883,Winnebago County,IA,19189
884,Winneshiek County,IA,19191
885,Woodbury County,IA,19193
886,Worth County,IA,19195
887,Wright County,IA,19197
888,Allen County,KS,20001
889,Anderson County,KS,20003
890,Atchison County,KS,20005
891,Barber County,KS,20007
892,Barton County,KS,20009
893,Bourbon County,KS,20011
894,Brown County,KS,20013
895,Butler County,KS,20015
896,Chase County,KS,20017
897,Chautauqua County,KS,20019
898,Cherokee County,KS,20021
899,Cheyenne County,KS,20023
900,Clark County,KS,20025
901,Clay County,KS,20027
902,Cloud County,KS,20029
903,Coffey County,KS,20031
904,Comanche County,KS,20033
905,Cowley County,KS,20035
906,Crawford County,KS,20037
907,Decatur County,KS,20039
908,Dickinson County,KS,20041
909,Doniphan County,KS,20043
910,Douglas County,KS,20045
911,Edwards County,KS,20047
912,Elk County,KS,20049
913,Ellis County,KS,20051
914,Ellsworth County,KS,20053
915,Finney County,KS,20055
916,Ford County,KS,20057
917,Franklin County,KS,20059
918,Geary County,KS,20061
919,Gove County,KS,20063
920,Graham County,KS,20065
921,Grant County,KS,20067
922,Gray County,KS,20069
923,Greeley County,KS,20071
924,Greenwood County,KS,20073
925,Hamilton County,KS,20075
926,Harper County,KS,20077
927,Harvey County,KS,20079
928,Haskell County,KS,20081
929,Hodgeman County,KS,20083
930,Jackson County,KS,20085
931,Jefferson County,KS,20087
932,Jewell County,KS,20089
933,Johnson County,KS,20091
934,Kearny County,KS,20093
935,Kingman County,KS,20095
936,Kiowa County,KS,20097
937,Labette County,KS,20099
938,Lane County,KS,20101
939,Leavenworth County,KS,20103
940,Lincoln County,KS,20105
941,Linn County,KS,20107
942,Logan County,KS,20109
943,Lyon County,KS,20111
944,Mcpherson County,KS,20113
945,Marion County,KS,20115
946,Marshall County,KS,20117
947,Meade County,KS,20119
948,Miami County,KS,20121
949,Mitchell County,KS,20123
950,Montgomery County,KS,20125
951,Morris County,KS,20127
952,Morton County,KS,20129
953,Nemaha County,KS,20131
954,Neosho County,KS,20133
955,Ness County,KS,20135
956,Norton County,KS,20137
957,Osage County,KS,20139
958,Osborne County,KS,20141
959,Ottawa County,KS,20143
960,Pawnee County,KS,20145
961,Phillips County,KS,20147
962,Pottawatomie County,KS,20149
963,Pratt County,KS,20151
964,Rawlins County,KS,20153
965,Reno County,KS,20155
966,Republic County,KS,20157
967,Rice County,KS,20159
968,Riley County,KS,20161
969,Rooks County,KS,20163
970,Rush County,KS,20165
971,Russell County,KS,20167
972,Saline County,KS,20169
973,Scott County,KS,20171
974,Sedgwick County,KS,20173
975,Seward County,KS,20175
976,Shawnee County,KS,20177
977,Sheridan County,KS,20179
978,Sherman County,KS,20181
979,Smith County,KS,20183
980,Stafford County,KS,20185
981,Stanton County,KS,20187
982,Stevens County,KS,20189
983,Sumner County,KS,20191
984,Thomas County,KS,20193
985,Trego County,KS,20195
986,Wabaunsee County,KS,20197
987,Wallace County,KS,20199
988,Washington County,KS,20201
989,Wichita County,KS,20203
990,Wilson County,KS,20205
991,Woodson County,KS,20207
992,Wyandotte County,KS,20209
993,Adair County,KY,21001
994,Allen County,KY,21003
995,Anderson County,KY,21005
996,Ballard County,KY,21007
997,Barren County,KY,21009
998,Bath County,KY,21011
999,Bell County,KY,21013
1000,Boone County,KY,21015
1001,Bourbon County,KY,21017
1002,Boyd County,KY,21019
1003,Boyle County,KY,21021
1004,Bracken County,KY,21023
1005,Breathitt County,KY,21025
1006,Breckinridge County,KY,21027
1007,Bullitt County,KY,21029
1008,Butler County,KY,21031
1009,Caldwell County,KY,21033
1010,Calloway County,KY,21035
1011,Campbell County,KY,21037
1012,Carlisle County,KY,21039
1013,Carroll County,KY,21041
1014,Carter County,KY,21043
1015,Casey County,KY,21045
1016,Christian County,KY,21047
1017,Clark County,KY,21049
1018,Clay County,KY,21051
1019,Clinton County,KY,21053
1020,Crittenden County,KY,21055
1021,Cumberland County,KY,21057
1022,Daviess County,KY,21059
1023,Edmonson County,KY,21061
1024,Elliott County,KY,21063
1025,Estill County,KY,21065
1026,Fayette County,KY,21067
1027,Fleming County,KY,21069
1028,Floyd County,KY,21071
1029,Franklin County,KY,21073
1030,Fulton County,KY,21075
1031,Gallatin County,KY,21077
1032,Garrard County,KY,21079
1033,Grant County,KY,21081
1034,Graves County,KY,21083
1035,Grayson County,KY,21085
1036,Green County,KY,21087
1037,Greenup County,KY,21089
1038,Hancock County,KY,21091
1039,Hardin County,KY,21093
1040,Harlan County,KY,21095
1041,Harrison County,KY,21097
1042,Hart County,KY,21099
1043,Henderson County,KY,21101
1044,Henry County,KY,21103
1045,Hickman County,KY,21105
1046,Hopkins County,KY,21107
1047,Jackson County,KY,21109
1048,Jefferson County,KY,21111
1049,Jessamine County,KY,21113
1050,Johnson County,KY,21115
1051,Kenton County,KY,21117
1052,Knott County,KY,21119
1053,Knox County,KY,21121
1054,Larue County,KY,21123
1055,Laurel County,KY,21125
1056,Lawrence County,KY,21127
1057,Lee County,KY,21129
1058,Leslie County,KY,21131
1059,Letcher County,KY,21133
1060,Lewis County,KY,21135
1061,Lincoln County,KY,21137
1062,Livingston County,KY,21139
1063,Logan County,KY,21141
1064,Lyon County,KY,21143
1065,Mccracken County,KY,21145
1066,Mccreary County,KY,21147
1067,Mclean County,KY,21149
1068,Madison County,KY,21151
1069,Magoffin County,KY,21153
1070,Marion County,KY,21155
1071,Marshall County,KY,21157
1072,Martin County,KY,21159
1073,Mason County,KY,21161
1074,Meade County,KY,21163
1075,Menifee County,KY,21165
1076,Mercer County,KY,21167
1077,Metcalfe County,KY,21169
1078,Monroe County,KY,21171
1079,Montgomery County,KY,21173
1080,Morgan County,KY,21175
1081,Muhlenberg County,KY,21177
1082,Nelson County,KY,21179
1083,Nicholas County,KY,21181
1084,Ohio County,KY,21183
1085,Oldham County,KY,21185
1086,Owen County,KY,21187
1087,Owsley County,KY,21189
1088,Pendleton County,KY,21191
1089,Perry County,KY,21193
1090,Pike County,KY,21195
1091,Powell County,KY,21197
1092,Pulaski County,KY,21199
1093,Robertson County,KY,21201
1094,Rockcastle County,KY,21203
1095,Rowan County,KY,21205
1096,Russell County,KY,21207
1097,Scott County,KY,21209
1098,Shelby County,KY,21211
1099,Simpson County,KY,21213
1100,Spencer County,KY,21215
1101,Taylor County,KY,21217
1102,Todd County,KY,21219
1103,Trigg County,KY,21221
1104,Trimble County,KY,21223
1105,Union County,KY,21225
1106,Warren County,KY,21227
1107,Washington County,KY,21229
1108,Wayne County,KY,21231
1109,Webster County,KY,21233
1110,Whitley County,KY,21235
1111,Wolfe County,KY,21237
1112,Woodford County,KY,21239
1113,Acadia Parish,LA,22001
1114,Allen Parish,LA,22003
1115,Ascension Parish,LA,22005
1116,Assumption Parish,LA,22007
1117,Avoyelles Parish,LA,22009
1118,Beauregard Parish,LA,22011
1119,Bienville Parish,LA,22013
1120,Bossier Parish,LA,22015
1121,Caddo Parish,LA,22017
1122,Calcasieu Parish,LA,22019
1123,Caldwell Parish,LA,22021
1124,Cameron Parish,LA,22023
1125,Catahoula Parish,LA,22025
1126,Claiborne Parish,LA,22027
1127,Concordia Parish,LA,22029
1128,De Soto Parish,LA,22031
1129,East Baton Rouge Parish,LA,22033
1130,East Carroll Parish,LA,22035
1131,East Feliciana Parish,LA,22037
1132,Evangeline Parish,LA,22039
1133,Franklin Parish,LA,22041
1134,Grant Parish,LA,22043
1135,Iberia Parish,LA,22045
1136,Iberville Parish,LA,22047
1137,Jackson Parish,LA,22049
1138,Jefferson Parish,LA,22051
1139,Jefferson Davis Parish,LA,22053
1140,Lafayette Parish,LA,22055
1141,Lafourche Parish,LA,22057
1142,Lasalle Parish,LA,22059
1143,Lincoln Parish,LA,22061
1144,Livingston Parish,LA,22063
1145,Madison Parish,LA,22065
1146,Morehouse Parish,LA,22067
1147,Natchitoches Parish,LA,22069
1148,Orleans Parish,LA,22071
1149,Ouachita Parish,LA,22073
1150,Plaquemines Parish,LA,22075
1151,Pointe Coupee Parish,LA,22077
1152,Rapides Parish,LA,22079
1153,Red River Parish,LA,22081
1154,Richland Parish,LA,22083
1155,Sabine Parish,LA,22085
1156,St. Bernard Parish,LA,22087
1157,St. Charles Parish,LA,22089
1158,St. Helena Parish,LA,22091
1159,St. James Parish,LA,22093
1160,St. John The Baptist Parish,LA,22095
1161,St. Landry Parish,LA,22097
1162,St. Martin Parish,LA,22099
1163,St. Mary Parish,LA,22101
1164,St. Tammany Parish,LA,22103
1165,Tangipahoa Parish,LA,22105
1166,Tensas Parish,LA,22107
1167,Terrebonne Parish,LA,22109
1168,Union Parish,LA,22111
1169,Vermilion Parish,LA,22113
1170,Vernon Parish,LA,22115
1171,Washington Parish,LA,22117
1172,Webster Parish,LA,22119
1173,West Baton Rouge Parish,LA,22121
1174,West Carroll Parish,LA,22123
1175,West Feliciana Parish,LA,22125
1176,Winn Parish,LA,22127
1177,Androscoggin County,ME,23001
1178,Aroostook County,ME,23003
1179,Cumberland County,ME,23005
1180,Franklin County,ME,23007
1181,Hancock County,ME,23009
1182,Kennebec County,ME,23011
1183,Knox County,ME,23013
1184,Lincoln County,ME,23015
1185,Oxford County,ME,23017
1186,Penobscot County,ME,23019
1187,Piscataquis County,ME,23021
1188,Sagadahoc County,ME,23023
1189,Somerset County,ME,23025
1190,Waldo County,ME,23027
1191,Washington County,ME,23029
1192,York County,ME,23031
1193,Allegany County,MD,24001
1194,Anne Arundel County,MD,24003
1195,Baltimore County,MD,24005
1196,Calvert County,MD,24009
1197,Caroline County,MD,24011
1198,Carroll County,MD,24013
1199,Cecil County,MD,24015
1200,Charles County,MD,24017
1201,Dorchester County,MD,24019
1202,Frederick County,MD,24021
1203,Garrett County,MD,24023
1204,Harford County,MD,24025
1205,Howard County,MD,24027
1206,Kent County,MD,24029
1207,Montgomery County,MD,24031
1208,Prince George'S County,MD,24033
1209,Queen Anne'S County,MD,24035
1210,St. Mary'S County,MD,24037
1211,Somerset County,MD,24039
1212,Talbot County,MD,24041
1213,Washington County,MD,24043
1214,Wicomico County,MD,24045
1215,Worcester County,MD,24047
1216,Baltimore City,MD,24510
1217,Barnstable County,MA,25001
1218,Berkshire County,MA,25003
1219,Bristol County,MA,25005
1220,Dukes County,MA,25007
1221,Essex County,MA,25009
1222,Franklin County,MA,25011
1223,Hampden County,MA,25013
1224,Hampshire County,MA,25015
1225,Middlesex County,MA,25017
1226,Nantucket County,MA,25019
1227,Norfolk County,MA,25021
1228,Plymouth County,MA,25023
1229,Suffolk County,MA,25025
1230,Worcester County,MA,25027
1231,Alcona County,MI,26001
1232,Alger County,MI,26003
1233,Allegan County,MI,26005
1234,Alpena County,MI,26007
1235,Antrim County,MI,26009
1236,Arenac County,MI,26011
1237,Baraga County,MI,26013
1238,Barry County,MI,26015
1239,Bay County,MI,26017
1240,Benzie County,MI,26019
1241,Berrien County,MI,26021
1242,Branch County,MI,26023
1243,Calhoun County,MI,26025
1244,Cass County,MI,26027
1245,Charlevoix County,MI,26029
1246,Cheboygan County,MI,26031
1247,Chippewa County,MI,26033
1248,Clare County,MI,26035
1249,Clinton County,MI,26037
1250,Crawford County,MI,26039
1251,Delta County,MI,26041
1252,Dickinson County,MI,26043
1253,Eaton County,MI,26045
1254,Emmet County,MI,26047
1255,Genesee County,MI,26049
1256,Gladwin County,MI,26051
1257,Gogebic County,MI,26053
1258,Grand Traverse County,MI,26055
1259,Gratiot County,MI,26057
1260,Hillsdale County,MI,26059
1261,Houghton County,MI,26061
1262,Huron County,MI,26063
1263,Ingham County,MI,26065
1264,Ionia County,MI,26067
1265,Iosco County,MI,26069
1266,Iron County,MI,26071
1267,Isabella County,MI,26073
1268,Jackson County,MI,26075
1269,Kalamazoo County,MI,26077
1270,Kalkaska County,MI,26079
1271,Kent County,MI,26081
1272,Keweenaw County,MI,26083
1273,Lake County,MI,26085
1274,Lapeer County,MI,26087
1275,Leelanau County,MI,26089
1276,Lenawee County,MI,26091
1277,Livingston County,MI,26093
1278,Luce County,MI,26095
1279,Mackinac County,MI,26097
1280,Macomb County,MI,26099
1281,Manistee County,MI,26101
1282,Marquette County,MI,26103
1283,Mason County,MI,26105
1284,Mecosta County,MI,26107
1285,Menominee County,MI,26109
1286,Midland County,MI,26111
1287,Missaukee County,MI,26113
1288,Monroe County,MI,26115
1289,Montcalm County,MI,26117
1290,Montmorency County,MI,26119
1291,Muskegon County,MI,26121
1292,Newaygo County,MI,26123
1293,Oakland County,MI,26125
1294,Oceana County,MI,26127
1295,Ogemaw County,MI,26129
1296,Ontonagon County,MI,26131
1297,Osceola County,MI,26133
1298,Oscoda County,MI,26135
1299,Otsego County,MI,26137
1300,Ottawa County,MI,26139
1301,Presque Isle County,MI,26141
1302,Roscommon County,MI,26143
1303,Saginaw County,MI,26145
1304,St. Clair County,MI,26147
1305,St. Joseph County,MI,26149
1306,Sanilac County,MI,26151
1307,Schoolcraft County,MI,26153
1308,Shiawassee County,MI,26155
1309,Tuscola County,MI,26157
1310,Van Buren County,MI,26159
1311,Washtenaw County,MI,26161
1312,Wayne County,MI,26163
1313,Wexford County,MI,26165
1314,Aitkin County,MN,27001
1315,Anoka County,MN,27003
1316,Becker County,MN,27005
1317,Beltrami County,MN,27007
1318,Benton County,MN,27009
1319,Big Stone County,MN,27011
1320,Blue Earth County,MN,27013
1321,Brown County,MN,27015
1322,Carlton County,MN,27017
1323,Carver County,MN,27019
1324,Cass County,MN,27021
1325,Chippewa County,MN,27023
1326,Chisago County,MN,27025
1327,Clay County,MN,27027
1328,Clearwater County,MN,27029
1329,Cook County,MN,27031
1330,Cottonwood County,MN,27033
1331,Crow Wing County,MN,27035
1332,Dakota County,MN,27037
1333,Dodge County,MN,27039
1334,Douglas County,MN,27041
1335,Faribault County,MN,27043
1336,Fillmore County,MN,27045
1337,Freeborn County,MN,27047
1338,Goodhue County,MN,27049
1339,Grant County,MN,27051
1340,Hennepin County,MN,27053
1341,Houston County,MN,27055
1342,Hubbard County,MN,27057
1343,Isanti County,MN,27059
1344,Itasca County,MN,27061
1345,Jackson County,MN,27063
1346,Kanabec County,MN,27065
1347,Kandiyohi County,MN,27067
1348,Kittson County,MN,27069
1349,Koochiching County,MN,27071
1350,Lac Qui Parle County,MN,27073
1351,Lake County,MN,27075
1352,Lake Of The Woods County,MN,27077
1353,Le Sueur County,MN,27079
1354,Lincoln County,MN,27081
1355,Lyon County,MN,27083
1356,Mcleod County,MN,27085
1357,Mahnomen County,MN,27087
1358,Marshall County,MN,27089
1359,Martin County,MN,27091
1360,Meeker County,MN,27093
1361,Mille Lacs County,MN,27095
1362,Morrison County,MN,27097
1363,Mower County,MN,27099
1364,Murray County,MN,27101
1365,Nicollet County,MN,27103
1366,Nobles County,MN,27105
1367,Norman County,MN,27107
1368,Olmsted County,MN,27109
1369,Otter Tail County,MN,27111
1370,Pennington County,MN,27113
1371,Pine County,MN,27115
1372,Pipestone County,MN,27117
1373,Polk County,MN,27119
1374,Pope County,MN,27121
1375,Ramsey County,MN,27123
1376,Red Lake County,MN,27125
1377,Redwood County,MN,27127
1378,Renville County,MN,27129
1379,Rice County,MN,27131
1380,Rock County,MN,27133
1381,Roseau County,MN,27135
1382,St. Louis County,MN,27137
1383,Scott County,MN,27139
1384,Sherburne County,MN,27141
1385,Sibley County,MN,27143
1386,Stearns County,MN,27145
1387,Steele County,MN,27147
1388,Stevens County,MN,27149
1389,Swift County,MN,27151
1390,Todd County,MN,27153
1391,Traverse County,MN,27155
1392,Wabasha County,MN,27157
1393,Wadena County,MN,27159
1394,Waseca County,MN,27161
1395,Washington County,MN,27163
1396,Watonwan County,MN,27165
1397,Wilkin County,MN,27167
1398,Winona County,MN,27169
1399,Wright County,MN,27171
1400,Yellow Medicine County,MN,27173
1401,Adams County,MS,28001
1402,Alcorn County,MS,28003
1403,Amite County,MS,28005
1404,Attala County,MS,28007
1405,Benton County,MS,28009
1406,Bolivar County,MS,28011
1407,Calhoun County,MS,28013
1408,Carroll County,MS,28015
1409,Chickasaw County,MS,28017
1410,Choctaw County,MS,28019
1411,Claiborne County,MS,28021
1412,Clarke County,MS,28023
1413,Clay County,MS,28025
1414,Coahoma County,MS,28027
1415,Copiah County,MS,28029
1416,Covington County,MS,28031
1417,Desoto County,MS,28033
1418,Forrest County,MS,28035
1419,Franklin County,MS,28037
1420,George County,MS,28039
1421,Greene County,MS,28041
1422,Grenada County,MS,28043
1423,Hancock County,MS,28045
1424,Harrison County,MS,28047
1425,Hinds County,MS,28049
1426,Holmes County,MS,28051
1427,Humphreys County,MS,28053
1428,Issaquena County,MS,28055
1429,Itawamba County,MS,28057
1430,Jackson County,MS,28059
1431,Jasper County,MS,28061
1432,Jefferson County,MS,28063
1433,Jefferson Davis County,MS,28065
1434,Jones County,MS,28067
1435,Kemper County,MS,28069
1436,Lafayette County,MS,28071
1437,Lamar County,MS,28073
1438,Lauderdale County,MS,28075
1439,Lawrence County,MS,28077
1440,Leake County,MS,28079
1441,Lee County,MS,28081
1442,Leflore County,MS,28083
1443,Lincoln County,MS,28085
1444,Lowndes County,MS,28087
1445,Madison County,MS,28089
1446,Marion County,MS,28091
1447,Marshall County,MS,28093
1448,Monroe County,MS,28095
1449,Montgomery County,MS,28097
1450,Neshoba County,MS,28099
1451,Newton County,MS,28101
1452,Noxubee County,MS,28103
1453,Oktibbeha County,MS,28105
1454,Panola County,MS,28107
1455,Pearl River County,MS,28109
1456,Perry County,MS,28111
1457,Pike County,MS,28113
1458,Pontotoc County,MS,28115
1459,Prentiss County,MS,28117
1460,Quitman County,MS,28119
1461,Rankin County,MS,28121
1462,Scott County,MS,28123
1463,Sharkey County,MS,28125
1464,Simpson County,MS,28127
1465,Smith County,MS,28129
1466,Stone County,MS,28131
1467,Sunflower County,MS,28133
1468,Tallahatchie County,MS,28135
1469,Tate County,MS,28137
1470,Tippah County,MS,28139
1471,Tishomingo County,MS,28141
1472,Tunica County,MS,28143
1473,Union County,MS,28145
1474,Walthall County,MS,28147
1475,Warren County,MS,28149
1476,Washington County,MS,28151
1477,Wayne County,MS,28153
1478,Webster County,MS,28155
1479,Wilkinson County,MS,28157
1480,Winston County,MS,28159
1481,Yalobusha County,MS,28161
1482,Yazoo County,MS,28163
1483,Adair County,MO,29001
1484,Andrew County,MO,29003
1485,Atchison County,MO,29005
1486,Audrain County,MO,29007
1487,Barry County,MO,29009
1488,Barton County,MO,29011
1489,Bates County,MO,29013
1490,Benton County,MO,29015
1491,Bollinger County,MO,29017
1492,Boone County,MO,29019
1493,Buchanan County,MO,29021
1494,Butler County,MO,29023
1495,Caldwell County,MO,29025
1496,Callaway County,MO,29027
1497,Camden County,MO,29029
1498,Cape Girardeau County,MO,29031
1499,Carroll County,MO,29033
1500,Carter County,MO,29035
1501,Cass County,MO,29037
1502,Cedar County,MO,29039
1503,Chariton County,MO,29041
1504,Christian County,MO,29043
1505,Clark County,MO,29045
1506,Clay County,MO,29047
1507,Clinton County,MO,29049
1508,Cole County,MO,29051
1509,Cooper County,MO,29053
1510,Crawford County,MO,29055
1511,Dade County,MO,29057
1512,Dallas County,MO,29059
1513,Daviess County,MO,29061
1514,Dekalb County,MO,29063
1515,Dent County,MO,29065
1516,Douglas County,MO,29067
1517,Dunklin County,MO,29069
1518,Franklin County,MO,29071
1519,Gasconade County,MO,29073
1520,Gentry County,MO,29075
1521,Greene County,MO,29077
1522,Grundy County,MO,29079
1523,Harrison County,MO,29081
1524,Henry County,MO,29083
1525,Hickory County,MO,29085
1526,Holt County,MO,29087
1527,Howard County,MO,29089
1528,Howell County,MO,29091
1529,Iron County,MO,29093
1530,Jackson County,MO,29095
1531,Jasper County,MO,29097
1532,Jefferson County,MO,29099
1533,Johnson County,MO,29101
1534,Knox County,MO,29103
1535,Laclede County,MO,29105
1536,Lafayette County,MO,29107
1537,Lawrence County,MO,29109
1538,Lewis County,MO,29111
1539,Lincoln County,MO,29113
1540,Linn County,MO,29115
1541,Livingston County,MO,29117
1542,Mcdonald County,MO,29119
1543,Macon County,MO,29121
1544,Madison County,MO,29123
1545,Maries County,MO,29125
1546,Marion County,MO,29127
1547,Mercer County,MO,29129
1548,Miller County,MO,29131
1549,Mississippi County,MO,29133
1550,Moniteau County,MO,29135
1551,Monroe County,MO,29137
1552,Montgomery County,MO,29139
1553,Morgan County,MO,29141
1554,New Madrid County,MO,29143
1555,Newton County,MO,29145
1556,Nodaway County,MO,29147
1557,Oregon County,MO,29149
1558,Osage County,MO,29151
1559,Ozark County,MO,29153
1560,Pemiscot County,MO,29155
1561,Perry County,MO,29157
1562,Pettis County,MO,29159
1563,Phelps County,MO,29161
1564,Pike County,MO,29163
1565,Platte County,MO,29165
1566,Polk County,MO,29167
1567,Pulaski County,MO,29169
1568,Putnam County,MO,29171
1569,Ralls County,MO,29173
1570,Randolph County,MO,29175
1571,Ray County,MO,29177
1572,Reynolds County,MO,29179
1573,Ripley County,MO,29181
1574,St. Charles County,MO,29183
1575,St. Clair County,MO,29185
1576,Ste. Genevieve County,MO,29186
1577,St. Francois County,MO,29187
1578,St. Louis County,MO,29189
1579,Saline County,MO,29195
1580,Schuyler County,MO,29197
1581,Scotland County,MO,29199
1582,Scott County,MO,29201
1583,Shannon County,MO,29203
1584,Shelby County,MO,29205
1585,Stoddard County,MO,29207
1586,Stone County,MO,29209
1587,Sullivan County,MO,29211
1588,Taney County,MO,29213
1589,Texas County,MO,29215
1590,Vernon County,MO,29217
1591,Warren County,MO,29219
1592,Washington County,MO,29221
1593,Wayne County,MO,29223
1594,Webster County,MO,29225
1595,Worth County,MO,29227
1596,Wright County,MO,29229
1597,St. Louis City,MO,29510
1598,Beaverhead County,MT,30001
1599,Big Horn County,MT,30003
1600,Blaine County,MT,30005
1601,Broadwater County,MT,30007
1602,Carbon County,MT,30009
1603,Carter County,MT,30011
1604,Cascade County,MT,30013
1605,Chouteau County,MT,30015
1606,Custer County,MT,30017
1607,Daniels County,MT,30019
1608,Dawson County,MT,30021
1609,Deer Lodge County,MT,30023
1610,Fallon County,MT,30025
1611,Fergus County,MT,30027
1612,Flathead County,MT,30029
1613,Gallatin County,MT,30031
1614,Garfield County,MT,30033
1615,Glacier County,MT,30035
1616,Golden Valley County,MT,30037
1617,Granite County,MT,30039
1618,Hill County,MT,30041
1619,Jefferson County,MT,30043
1620,Judith Basin County,MT,30045
1621,Lake County,MT,30047
1622,Lewis And Clark County,MT,30049
1623,Liberty County,MT,30051
1624,Lincoln County,MT,30053
1625,Mccone County,MT,30055
1626,Madison County,MT,30057
1627,Meagher County,MT,30059
1628,Mineral County,MT,30061
1629,Missoula County,MT,30063
1630,Musselshell County,MT,30065
1631,Park County,MT,30067
1632,Petroleum County,MT,30069
1633,Phillips County,MT,30071
1634,Pondera County,MT,30073
1635,Powder River County,MT,30075
1636,Powell County,MT,30077
1637,Prairie County,MT,30079
1638,Ravalli County,MT,30081
1639,Richland County,MT,30083
1640,Roosevelt County,MT,30085
1641,Rosebud County,MT,30087
1642,Sanders County,MT,30089
1643,Sheridan County,MT,30091
1644,Silver Bow County,MT,30093
1645,Stillwater County,MT,30095
1646,Sweet Grass County,MT,30097
1647,Teton County,MT,30099
1648,Toole County,MT,30101
1649,Treasure County,MT,30103
1650,Valley County,MT,30105
1651,Wheatland County,MT,30107
1652,Wibaux County,MT,30109
1653,Yellowstone County,MT,30111
1654,Adams County,NE,31001
1655,Antelope County,NE,31003
1656,Arthur County,NE,31005
1657,Banner County,NE,31007
1658,Blaine County,NE,31009
1659,Boone County,NE,31011
1660,Box Butte County,NE,31013
1661,Boyd County,NE,31015
1662,Brown County,NE,31017
1663,Buffalo County,NE,31019
1664,Burt County,NE,31021
1665,Butler County,NE,31023
1666,Cass County,NE,31025
1667,Cedar County,NE,31027
1668,Chase County,NE,31029
1669,Cherry County,NE,31031
1670,Cheyenne County,NE,31033
1671,Clay County,NE,31035
1672,Colfax County,NE,31037
1673,Cuming County,NE,31039
1674,Custer County,NE,31041
1675,Dakota County,NE,31043
1676,Dawes County,NE,31045
1677,Dawson County,NE,31047
1678,Deuel County,NE,31049
1679,Dixon County,NE,31051
1680,Dodge County,NE,31053
1681,Douglas County,NE,31055
1682,Dundy County,NE,31057
1683,Fillmore County,NE,31059
1684,Franklin County,NE,31061
1685,Frontier County,NE,31063
1686,Furnas County,NE,31065
1687,Gage County,NE,31067
1688,Garden County,NE,31069
1689,Garfield County,NE,31071
1690,Gosper County,NE,31073
1691,Grant County,NE,31075
1692,Greeley County,NE,31077
1693,Hall County,NE,31079
1694,Hamilton County,NE,31081
1695,Harlan County,NE,31083
1696,Hayes County,NE,31085
1697,Hitchcock County,NE,31087
1698,Holt County,NE,31089
1699,Hooker County,NE,31091
1700,Howard County,NE,31093
1701,Jefferson County,NE,31095
1702,Johnson County,NE,31097
1703,Kearney County,NE,31099
1704,Keith County,NE,31101
1705,Keya Paha County,NE,31103
1706,Kimball County,NE,31105
1707,Knox County,NE,31107
1708,Lancaster County,NE,31109
1709,Lincoln County,NE,31111
1710,Logan County,NE,31113
1711,Loup County,NE,31115
1712,Mcpherson County,NE,31117
1713,Madison County,NE,31119
1714,Merrick County,NE,31121
1715,Morrill County,NE,31123
1716,Nance County,NE,31125
1717,Nemaha County,NE,31127
1718,Nuckolls County,NE,31129
1719,Otoe County,NE,31131
1720,Pawnee County,NE,31133
1721,Perkins County,NE,31135
1722,Phelps County,NE,31137
1723,Pierce County,NE,31139
1724,Platte County,NE,31141
1725,Polk County,NE,31143
1726,Red Willow County,NE,31145
1727,Richardson County,NE,31147
1728,Rock County,NE,31149
1729,Saline County,NE,31151
1730,Sarpy County,NE,31153
1731,Saunders County,NE,31155
1732,Scotts Bluff County,NE,31157
1733,Seward County,NE,31159
1734,Sheridan County,NE,31161
1735,Sherman County,NE,31163
1736,Sioux County,NE,31165
1737,Stanton County,NE,31167
1738,Thayer County,NE,31169
1739,Thomas County,NE,31171
1740,Thurston County,NE,31173
1741,Valley County,NE,31175
1742,Washington County,NE,31177
1743,Wayne County,NE,31179
1744,Webster County,NE,31181
1745,Wheeler County,NE,31183
1746,York County,NE,31185
1747,Churchill County,NV,32001
1748,Clark County,NV,32003
1749,Douglas County,NV,32005
1750,Elko County,NV,32007
1751,Esmeralda County,NV,32009
1752,Eureka County,NV,32011
1753,Humboldt County,NV,32013
1754,Lander County,NV,32015
1755,Lincoln County,NV,32017
1756,Lyon County,NV,32019
1757,Mineral County,NV,32021
1758,Nye County,NV,32023
1759,Pershing County,NV,32027
1760,Storey County,NV,32029
1761,Washoe County,NV,32031
1762,White Pine County,NV,32033
1763,Carson City,NV,32510
1764,Belknap County,NH,33001
1765,Carroll County,NH,33003
1766,Cheshire County,NH,33005
1767,Coos County,NH,33007
1768,Grafton County,NH,33009
1769,Hillsborough County,NH,33011
1770,Merrimack County,NH,33013
1771,Rockingham County,NH,33015
1772,Strafford County,NH,33017
1773,Sullivan County,NH,33019
1774,Atlantic County,NJ,34001
1775,Bergen County,NJ,34003
1776,Burlington County,NJ,34005
1777,Camden County,NJ,34007
1778,Cape May County,NJ,34009
1779,Cumberland County,NJ,34011
1780,Essex County,NJ,34013
1781,Gloucester County,NJ,34015
1782,Hudson County,NJ,34017
1783,Hunterdon County,NJ,34019
1784,Mercer County,NJ,34021
1785,Middlesex County,NJ,34023
1786,Monmouth County,NJ,34025
1787,Morris County,NJ,34027
1788,Ocean County,NJ,34029
1789,Passaic County,NJ,34031
1790,Salem County,NJ,34033
1791,Somerset County,NJ,34035
1792,Sussex County,NJ,34037
1793,Union County,NJ,34039
1794,Warren County,NJ,34041
1795,Bernalillo County,NM,35001
1796,Catron County,NM,35003
1797,Chaves County,NM,35005
1798,Cibola County,NM,35006
1799,Colfax County,NM,35007
1800,Curry County,NM,35009
1801,De Baca County,NM,35011
1802,DoA Ana County,NM,35013
1803,Eddy County,NM,35015
1804,Grant County,NM,35017
1805,Guadalupe County,NM,35019
1806,Harding County,NM,35021
1807,Hidalgo County,NM,35023
1808,Lea County,NM,35025
1809,Lincoln County,NM,35027
1810,Los Alamos County,NM,35028
1811,Luna County,NM,35029
1812,Mckinley County,NM,35031
1813,Mora County,NM,35033
1814,Otero County,NM,35035
1815,Quay County,NM,35037
1816,Rio Arriba County,NM,35039
1817,Roosevelt County,NM,35041
1818,Sandoval County,NM,35043
1819,San Juan County,NM,35045
1820,San Miguel County,NM,35047
1821,Santa Fe County,NM,35049
1822,Sierra County,NM,35051
1823,Socorro County,NM,35053
1824,Taos County,NM,35055
1825,Torrance County,NM,35057
1826,Union County,NM,35059
1827,Valencia County,NM,35061
1828,Albany County,NY,36001
1829,Allegany County,NY,36003
1830,Bronx County,NY,36005
1831,Broome County,NY,36007
1832,Cattaraugus County,NY,36009
1833,Cayuga County,NY,36011
1834,Chautauqua County,NY,36013
1835,Chemung County,NY,36015
1836,Chenango County,NY,36017
1837,Clinton County,NY,36019
1838,Columbia County,NY,36021
1839,Cortland County,NY,36023
1840,Delaware County,NY,36025
1841,Dutchess County,NY,36027
1842,Erie County,NY,36029
1843,Essex County,NY,36031
1844,Franklin County,NY,36033
1845,Fulton County,NY,36035
1846,Genesee County,NY,36037
1847,Greene County,NY,36039
1848,Hamilton County,NY,36041
1849,Herkimer County,NY,36043
1850,Jefferson County,NY,36045
1851,Kings County,NY,36047
1852,Lewis County,NY,36049
1853,Livingston County,NY,36051
1854,Madison County,NY,36053
1855,Monroe County,NY,36055
1856,Montgomery County,NY,36057
1857,Nassau County,NY,36059
1858,New York County,NY,36061
1859,Niagara County,NY,36063
1860,Oneida County,NY,36065
1861,Onondaga County,NY,36067
1862,Ontario County,NY,36069
1863,Orange County,NY,36071
1864,Orleans County,NY,36073
1865,Oswego County,NY,36075
1866,Otsego County,NY,36077
1867,Putnam County,NY,36079
1868,Queens County,NY,36081
1869,Rensselaer County,NY,36083
1870,Richmond County,NY,36085
1871,Rockland County,NY,36087
1872,St. Lawrence County,NY,36089
1873,Saratoga County,NY,36091
1874,Schenectady County,NY,36093
1875,Schoharie County,NY,36095
1876,Schuyler County,NY,36097
1877,Seneca County,NY,36099
1878,Steuben County,NY,36101
1879,Suffolk County,NY,36103
1880,Sullivan County,NY,36105
1881,Tioga County,NY,36107
1882,Tompkins County,NY,36109
1883,Ulster County,NY,36111
1884,Warren County,NY,36113
1885,Washington County,NY,36115
1886,Wayne County,NY,36117
1887,Westchester County,NY,36119
1888,Wyoming County,NY,36121
1889,Yates County,NY,36123
1890,Alamance County,NC,37001
1891,Alexander County,NC,37003
1892,Alleghany County,NC,37005
1893,Anson County,NC,37007
1894,Ashe County,NC,37009
1895,Avery County,NC,37011
1896,Beaufort County,NC,37013
1897,Bertie County,NC,37015
1898,Bladen County,NC,37017
1899,Brunswick County,NC,37019
1900,Buncombe County,NC,37021
1901,Burke County,NC,37023
1902,Cabarrus County,NC,37025
1903,Caldwell County,NC,37027
1904,Camden County,NC,37029
1905,Carteret County,NC,37031
1906,Caswell County,NC,37033
1907,Catawba County,NC,37035
1908,Chatham County,NC,37037
1909,Cherokee County,NC,37039
1910,Chowan County,NC,37041
1911,Clay County,NC,37043
1912,Cleveland County,NC,37045
1913,Columbus County,NC,37047
1914,Craven County,NC,37049
1915,Cumberland County,NC,37051
1916,Currituck County,NC,37053
1917,Dare County,NC,37055
1918,Davidson County,NC,37057
1919,Davie County,NC,37059
1920,Duplin County,NC,37061
1921,Durham County,NC,37063
1922,Edgecombe County,NC,37065
1923,Forsyth County,NC,37067
1924,Franklin County,NC,37069
1925,Gaston County,NC,37071
1926,Gates County,NC,37073
1927,Graham County,NC,37075
1928,Granville County,NC,37077
1929,Greene County,NC,37079
1930,Guilford County,NC,37081
1931,Halifax County,NC,37083
1932,Harnett County,NC,37085
1933,Haywood County,NC,37087
1934,Henderson County,NC,37089
1935,Hertford County,NC,37091
1936,Hoke County,NC,37093
1937,Hyde County,NC,37095
1938,Iredell County,NC,37097
1939,Jackson County,NC,37099
1940,Johnston County,NC,37101
1941,Jones County,NC,37103
1942,Lee County,NC,37105
1943,Lenoir County,NC,37107
1944,Lincoln County,NC,37109
1945,Mcdowell County,NC,37111
1946,Macon County,NC,37113
1947,Madison County,NC,37115
1948,Martin County,NC,37117
1949,Mecklenburg County,NC,37119
1950,Mitchell County,NC,37121
1951,Montgomery County,NC,37123
1952,Moore County,NC,37125
1953,Nash County,NC,37127
1954,New Hanover County,NC,37129
1955,Northampton County,NC,37131
1956,Onslow County,NC,37133
1957,Orange County,NC,37135
1958,Pamlico County,NC,37137
1959,Pasquotank County,NC,37139
1960,Pender County,NC,37141
1961,Perquimans County,NC,37143
1962,Person County,NC,37145
1963,Pitt County,NC,37147
1964,Polk County,NC,37149
1965,Randolph County,NC,37151
1966,Richmond County,NC,37153
1967,Robeson County,NC,37155
1968,Rockingham County,NC,37157
1969,Rowan County,NC,37159
1970,Rutherford County,NC,37161
1971,Sampson County,NC,37163
1972,Scotland County,NC,37165
1973,Stanly County,NC,37167
1974,Stokes County,NC,37169
1975,Surry County,NC,37171
1976,Swain County,NC,37173
1977,Transylvania County,NC,37175
1978,Tyrrell County,NC,37177
1979,Union County,NC,37179
1980,Vance County,NC,37181
1981,Wake County,NC,37183
1982,Warren County,NC,37185
1983,Washington County,NC,37187
1984,Watauga County,NC,37189
1985,Wayne County,NC,37191
1986,Wilkes County,NC,37193
1987,Wilson County,NC,37195
1988,Yadkin County,NC,37197
1989,Yancey County,NC,37199
1990,Adams County,ND,38001
1991,Barnes County,ND,38003
1992,Benson County,ND,38005
1993,Billings County,ND,38007
1994,Bottineau County,ND,38009
1995,Bowman County,ND,38011
1996,Burke County,ND,38013
1997,Burleigh County,ND,38015
1998,Cass County,ND,38017
1999,Cavalier County,ND,38019
2000,Dickey County,ND,38021
2001,Divide County,ND,38023
2002,Dunn County,ND,38025
2003,Eddy County,ND,38027
2004,Emmons County,ND,38029
2005,Foster County,ND,38031
2006,Golden Valley County,ND,38033
2007,Grand Forks County,ND,38035
2008,Grant County,ND,38037
2009,Griggs County,ND,38039
2010,Hettinger County,ND,38041
2011,Kidder County,ND,38043
2012,Lamoure County,ND,38045
2013,Logan County,ND,38047
2014,Mchenry County,ND,38049
2015,Mcintosh County,ND,38051
2016,Mckenzie County,ND,38053
2017,Mclean County,ND,38055
2018,Mercer County,ND,38057
2019,Morton County,ND,38059
2020,Mountrail County,ND,38061
2021,Nelson County,ND,38063
2022,Oliver County,ND,38065
2023,Pembina County,ND,38067
2024,Pierce County,ND,38069
2025,Ramsey County,ND,38071
2026,Ransom County,ND,38073
2027,Renville County,ND,38075
2028,Richland County,ND,38077
2029,Rolette County,ND,38079
2030,Sargent County,ND,38081
2031,Sheridan County,ND,38083
2032,Sioux County,ND,38085
2033,Slope County,ND,38087
2034,Stark County,ND,38089
2035,Steele County,ND,38091
2036,Stutsman County,ND,38093
2037,Towner County,ND,38095
2038,Traill County,ND,38097
2039,Walsh County,ND,38099
2040,Ward County,ND,38101
2041,Wells County,ND,38103
2042,Williams County,ND,38105
2043,Adams County,OH,39001
2044,Allen County,OH,39003
2045,Ashland County,OH,39005
2046,Ashtabula County,OH,39007
2047,Athens County,OH,39009
2048,Auglaize County,OH,39011
2049,Belmont County,OH,39013
2050,Brown County,OH,39015
2051,Butler County,OH,39017
2052,Carroll County,OH,39019
2053,Champaign County,OH,39021
2054,Clark County,OH,39023
2055,Clermont County,OH,39025
2056,Clinton County,OH,39027
2057,Columbiana County,OH,39029
2058,Coshocton County,OH,39031
2059,Crawford County,OH,39033
2060,Cuyahoga County,OH,39035
2061,Darke County,OH,39037
2062,Defiance County,OH,39039
2063,Delaware County,OH,39041
2064,Erie County,OH,39043
2065,Fairfield County,OH,39045
2066,Fayette County,OH,39047
2067,Franklin County,OH,39049
2068,Fulton County,OH,39051
2069,Gallia County,OH,39053
2070,Geauga County,OH,39055
2071,Greene County,OH,39057
2072,Guernsey County,OH,39059
2073,Hamilton County,OH,39061
2074,Hancock County,OH,39063
2075,Hardin County,OH,39065
2076,Harrison County,OH,39067
2077,Henry County,OH,39069
2078,Highland County,OH,39071
2079,Hocking County,OH,39073
2080,Holmes County,OH,39075
2081,Huron County,OH,39077
2082,Jackson County,OH,39079
2083,Jefferson County,OH,39081
2084,Knox County,OH,39083
2085,Lake County,OH,39085
2086,Lawrence County,OH,39087
2087,Licking County,OH,39089
2088,Logan County,OH,39091
2089,Lorain County,OH,39093
2090,Lucas County,OH,39095
2091,Madison County,OH,39097
2092,Mahoning County,OH,39099
2093,Marion County,OH,39101
2094,Medina County,OH,39103
2095,Meigs County,OH,39105
2096,Mercer County,OH,39107
2097,Miami County,OH,39109
2098,Monroe County,OH,39111
2099,Montgomery County,OH,39113
2100,Morgan County,OH,39115
2101,Morrow County,OH,39117
2102,Muskingum County,OH,39119
2103,Noble County,OH,39121
2104,Ottawa County,OH,39123
2105,Paulding County,OH,39125
2106,Perry County,OH,39127
2107,Pickaway County,OH,39129
2108,Pike County,OH,39131
2109,Portage County,OH,39133
2110,Preble County,OH,39135
2111,Putnam County,OH,39137
2112,Richland County,OH,39139
2113,Ross County,OH,39141
2114,Sandusky County,OH,39143
2115,Scioto County,OH,39145
2116,Seneca County,OH,39147
2117,Shelby County,OH,39149
2118,Stark County,OH,39151
2119,Summit County,OH,39153
2120,Trumbull County,OH,39155
2121,Tuscarawas County,OH,39157
2122,Union County,OH,39159
2123,Van Wert County,OH,39161
2124,Vinton County,OH,39163
2125,Warren County,OH,39165
2126,Washington County,OH,39167
2127,Wayne County,OH,39169
2128,Williams County,OH,39171
2129,Wood County,OH,39173
2130,Wyandot County,OH,39175
2131,Adair County,OK,40001
2132,Alfalfa County,OK,40003
2133,Atoka County,OK,40005
2134,Beaver County,OK,40007
2135,Beckham County,OK,40009
2136,Blaine County,OK,40011
2137,Bryan County,OK,40013
2138,Caddo County,OK,40015
2139,Canadian County,OK,40017
2140,Carter County,OK,40019
2141,Cherokee County,OK,40021
2142,Choctaw County,OK,40023
2143,Cimarron County,OK,40025
2144,Cleveland County,OK,40027
2145,Coal County,OK,40029
2146,Comanche County,OK,40031
2147,Cotton County,OK,40033
2148,Craig County,OK,40035
2149,Creek County,OK,40037
2150,Custer County,OK,40039
2151,Delaware County,OK,40041
2152,Dewey County,OK,40043
2153,Ellis County,OK,40045
2154,Garfield County,OK,40047
2155,Garvin County,OK,40049
2156,Grady County,OK,40051
2157,Grant County,OK,40053
2158,Greer County,OK,40055
2159,Harmon County,OK,40057
2160,Harper County,OK,40059
2161,Haskell County,OK,40061
2162,Hughes County,OK,40063
2163,Jackson County,OK,40065
2164,Jefferson County,OK,40067
2165,Johnston County,OK,40069
2166,Kay County,OK,40071
2167,Kingfisher County,OK,40073
2168,Kiowa County,OK,40075
2169,Latimer County,OK,40077
2170,Le Flore County,OK,40079
2171,Lincoln County,OK,40081
2172,Logan County,OK,40083
2173,Love County,OK,40085
2174,Mcclain County,OK,40087
2175,Mccurtain County,OK,40089
2176,Mcintosh County,OK,40091
2177,Major County,OK,40093
2178,Marshall County,OK,40095
2179,Mayes County,OK,40097
2180,Murray County,OK,40099
2181,Muskogee County,OK,40101
2182,Noble County,OK,40103
2183,Nowata County,OK,40105
2184,Okfuskee County,OK,40107
2185,Oklahoma County,OK,40109
2186,Okmulgee County,OK,40111
2187,Osage County,OK,40113
2188,Ottawa County,OK,40115
2189,Pawnee County,OK,40117
2190,Payne County,OK,40119
2191,Pittsburg County,OK,40121
2192,Pontotoc County,OK,40123
2193,Pottawatomie County,OK,40125
2194,Pushmataha County,OK,40127
2195,Roger Mills County,OK,40129
2196,Rogers County,OK,40131
2197,Seminole County,OK,40133
2198,Sequoyah County,OK,40135
2199,Stephens County,OK,40137
2200,Texas County,OK,40139
2201,Tillman County,OK,40141
2202,Tulsa County,OK,40143
2203,Wagoner County,OK,40145
2204,Washington County,OK,40147
2205,Washita County,OK,40149
2206,Woods County,OK,40151
2207,Woodward County,OK,40153
2208,Baker County,OR,41001
2209,Benton County,OR,41003
2210,Clackamas County,OR,41005
2211,Clatsop County,OR,41007
2212,Columbia County,OR,41009
2213,Coos County,OR,41011
2214,Crook County,OR,41013
2215,Curry County,OR,41015
2216,Deschutes County,OR,41017
2217,Douglas County,OR,41019
2218,Gilliam County,OR,41021
2219,Grant County,OR,41023
2220,Harney County,OR,41025
2221,Hood River County,OR,41027
2222,Jackson County,OR,41029
2223,Jefferson County,OR,41031
2224,Josephine County,OR,41033
2225,Klamath County,OR,41035
2226,Lake County,OR,41037
2227,Lane County,OR,41039
2228,Lincoln County,OR,41041
2229,Linn County,OR,41043
2230,Malheur County,OR,41045
2231,Marion County,OR,41047
2232,Morrow County,OR,41049
2233,Multnomah County,OR,41051
2234,Polk County,OR,41053
2235,Sherman County,OR,41055
2236,Tillamook County,OR,41057
2237,Umatilla County,OR,41059
2238,Union County,OR,41061
2239,Wallowa County,OR,41063
2240,Wasco County,OR,41065
2241,Washington County,OR,41067
2242,Wheeler County,OR,41069
2243,Yamhill County,OR,41071
2244,Adams County,PA,42001
2245,Allegheny County,PA,42003
2246,Armstrong County,PA,42005
2247,Beaver County,PA,42007
2248,Bedford County,PA,42009
2249,Berks County,PA,42011
2250,Blair County,PA,42013
2251,Bradford County,PA,42015
2252,Bucks County,PA,42017
2253,Butler County,PA,42019
2254,Cambria County,PA,42021
2255,Cameron County,PA,42023
2256,Carbon County,PA,42025
2257,Centre County,PA,42027
2258,Chester County,PA,42029
2259,Clarion County,PA,42031
2260,Clearfield County,PA,42033
2261,Clinton County,PA,42035
2262,Columbia County,PA,42037
2263,Crawford County,PA,42039
2264,Cumberland County,PA,42041
2265,Dauphin County,PA,42043
2266,Delaware County,PA,42045
2267,Elk County,PA,42047
2268,Erie County,PA,42049
2269,Fayette County,PA,42051
2270,Forest County,PA,42053
2271,Franklin County,PA,42055
2272,Fulton County,PA,42057
2273,Greene County,PA,42059
2274,Huntingdon County,PA,42061
2275,Indiana County,PA,42063
2276,Jefferson County,PA,42065
2277,Juniata County,PA,42067
2278,Lackawanna County,PA,42069
2279,Lancaster County,PA,42071
2280,Lawrence County,PA,42073
2281,Lebanon County,PA,42075
2282,Lehigh County,PA,42077
2283,Luzerne County,PA,42079
2284,Lycoming County,PA,42081
2285,Mckean County,PA,42083
2286,Mercer County,PA,42085
2287,Mifflin County,PA,42087
2288,Monroe County,PA,42089
2289,Montgomery County,PA,42091
2290,Montour County,PA,42093
2291,Northampton County,PA,42095
2292,Northumberland County,PA,42097
2293,Perry County,PA,42099
2294,Philadelphia County,PA,42101
2295,Pike County,PA,42103
2296,Potter County,PA,42105
2297,Schuylkill County,PA,42107
2298,Snyder County,PA,42109
2299,Somerset County,PA,42111
2300,Sullivan County,PA,42113
2301,Susquehanna County,PA,42115
2302,Tioga County,PA,42117
2303,Union County,PA,42119
2304,Venango County,PA,42121
2305,Warren County,PA,42123
2306,Washington County,PA,42125
2307,Wayne County,PA,42127
2308,Westmoreland County,PA,42129
2309,Wyoming County,PA,42131
2310,York County,PA,42133
2311,Bristol County,RI,44001
2312,Kent County,RI,44003
2313,Newport County,RI,44005
2314,Providence County,RI,44007
2315,Washington County,RI,44009
2316,Abbeville County,SC,45001
2317,Aiken County,SC,45003
2318,Allendale County,SC,45005
2319,Anderson County,SC,45007
2320,Bamberg County,SC,45009
2321,Barnwell County,SC,45011
2322,Beaufort County,SC,45013
2323,Berkeley County,SC,45015
2324,Calhoun County,SC,45017
2325,Charleston County,SC,45019
2326,Cherokee County,SC,45021
2327,Chester County,SC,45023
2328,Chesterfield County,SC,45025
2329,Clarendon County,SC,45027
2330,Colleton County,SC,45029
2331,Darlington County,SC,45031
2332,Dillon County,SC,45033
2333,Dorchester County,SC,45035
2334,Edgefield County,SC,45037
2335,Fairfield County,SC,45039
2336,Florence County,SC,45041
2337,Georgetown County,SC,45043
2338,Greenville County,SC,45045
2339,Greenwood County,SC,45047
2340,Hampton County,SC,45049
2341,Horry County,SC,45051
2342,Jasper County,SC,45053
2343,Kershaw County,SC,45055
2344,Lancaster County,SC,45057
2345,Laurens County,SC,45059
2346,Lee County,SC,45061
2347,Lexington County,SC,45063
2348,Mccormick County,SC,45065
2349,Marion County,SC,45067
2350,Marlboro County,SC,45069
2351,Newberry County,SC,45071
2352,Oconee County,SC,45073
2353,Orangeburg County,SC,45075
2354,Pickens County,SC,45077
2355,Richland County,SC,45079
2356,Saluda County,SC,45081
2357,Spartanburg County,SC,45083
2358,Sumter County,SC,45085
2359,Union County,SC,45087
2360,Williamsburg County,SC,45089
2361,York County,SC,45091
2362,Aurora County,SD,46003
2363,Beadle County,SD,46005
2364,Bennett County,SD,46007
2365,Bon Homme County,SD,46009
2366,Brookings County,SD,46011
2367,Brown County,SD,46013
2368,Brule County,SD,46015
2369,Buffalo County,SD,46017
2370,Butte County,SD,46019
2371,Campbell County,SD,46021
2372,Charles Mix County,SD,46023
2373,Clark County,SD,46025
2374,Clay County,SD,46027
2375,Codington County,SD,46029
2376,Corson County,SD,46031
2377,Custer County,SD,46033
2378,Davison County,SD,46035
2379,Day County,SD,46037
2380,Deuel County,SD,46039
2381,Dewey County,SD,46041
2382,Douglas County,SD,46043
2383,Edmunds County,SD,46045
2384,Fall River County,SD,46047
2385,Faulk County,SD,46049
2386,Grant County,SD,46051
2387,Gregory County,SD,46053
2388,Haakon County,SD,46055
2389,Hamlin County,SD,46057
2390,Hand County,SD,46059
2391,Hanson County,SD,46061
2392,Harding County,SD,46063
2393,Hughes County,SD,46065
2394,Hutchinson County,SD,46067
2395,Hyde County,SD,46069
2396,Jackson County,SD,46071
2397,Jerauld County,SD,46073
2398,Jones County,SD,46075
2399,Kingsbury County,SD,46077
2400,Lake County,SD,46079
2401,Lawrence County,SD,46081
2402,Lincoln County,SD,46083
2403,Lyman County,SD,46085
2404,Mccook County,SD,46087
2405,Mcpherson County,SD,46089
2406,Marshall County,SD,46091
2407,Meade County,SD,46093
2408,Mellette County,SD,46095
2409,Miner County,SD,46097
2410,Minnehaha County,SD,46099
2411,Moody County,SD,46101
2412,Pennington County,SD,46103
2413,Perkins County,SD,46105
2414,Potter County,SD,46107
2415,Roberts County,SD,46109
2416,Sanborn County,SD,46111
2417,Shannon County,SD,46113
2418,Spink County,SD,46115
2419,Stanley County,SD,46117
2420,Sully County,SD,46119
2421,Todd County,SD,46121
2422,Tripp County,SD,46123
2423,Turner County,SD,46125
2424,Union County,SD,46127
2425,Walworth County,SD,46129
2426,Yankton County,SD,46135
2427,Ziebach County,SD,46137
2428,Anderson County,TN,47001
2429,Bedford County,TN,47003
2430,Benton County,TN,47005
2431,Bledsoe County,TN,47007
2432,Blount County,TN,47009
2433,Bradley County,TN,47011
2434,Campbell County,TN,47013
2435,Cannon County,TN,47015
2436,Carroll County,TN,47017
2437,Carter County,TN,47019
2438,Cheatham County,TN,47021
2439,Chester County,TN,47023
2440,Claiborne County,TN,47025
2441,Clay County,TN,47027
2442,Cocke County,TN,47029
2443,Coffee County,TN,47031
2444,Crockett County,TN,47033
2445,Cumberland County,TN,47035
2446,Davidson County,TN,47037
2447,Decatur County,TN,47039
2448,Dekalb County,TN,47041
2449,Dickson County,TN,47043
2450,Dyer County,TN,47045
2451,Fayette County,TN,47047
2452,Fentress County,TN,47049
2453,Franklin County,TN,47051
2454,Gibson County,TN,47053
2455,Giles County,TN,47055
2456,Grainger County,TN,47057
2457,Greene County,TN,47059
2458,Grundy County,TN,47061
2459,Hamblen County,TN,47063
2460,Hamilton County,TN,47065
2461,Hancock County,TN,47067
2462,Hardeman County,TN,47069
2463,Hardin County,TN,47071
2464,Hawkins County,TN,47073
2465,Haywood County,TN,47075
2466,Henderson County,TN,47077
2467,Henry County,TN,47079
2468,Hickman County,TN,47081
2469,Houston County,TN,47083
2470,Humphreys County,TN,47085
2471,Jackson County,TN,47087
2472,Jefferson County,TN,47089
2473,Johnson County,TN,47091
2474,Knox County,TN,47093
2475,Lake County,TN,47095
2476,Lauderdale County,TN,47097
2477,Lawrence County,TN,47099
2478,Lewis County,TN,47101
2479,Lincoln County,TN,47103
2480,Loudon County,TN,47105
2481,Mcminn County,TN,47107
2482,Mcnairy County,TN,47109
2483,Macon County,TN,47111
2484,Madison County,TN,47113
2485,Marion County,TN,47115
2486,Marshall County,TN,47117
2487,Maury County,TN,47119
2488,Meigs County,TN,47121
2489,Monroe County,TN,47123
2490,Montgomery County,TN,47125
2491,Moore County,TN,47127
2492,Morgan County,TN,47129
2493,Obion County,TN,47131
2494,Overton County,TN,47133
2495,Perry County,TN,47135
2496,Pickett County,TN,47137
2497,Polk County,TN,47139
2498,Putnam County,TN,47141
2499,Rhea County,TN,47143
2500,Roane County,TN,47145
2501,Robertson County,TN,47147
2502,Rutherford County,TN,47149
2503,Scott County,TN,47151
2504,Sequatchie County,TN,47153
2505,Sevier County,TN,47155
2506,Shelby County,TN,47157
2507,Smith County,TN,47159
2508,Stewart County,TN,47161
2509,Sullivan County,TN,47163
2510,Sumner County,TN,47165
2511,Tipton County,TN,47167
2512,Trousdale County,TN,47169
2513,Unicoi County,TN,47171
2514,Union County,TN,47173
2515,Van Buren County,TN,47175
2516,Warren County,TN,47177
2517,Washington County,TN,47179
2518,Wayne County,TN,47181
2519,Weakley County,TN,47183
2520,White County,TN,47185
2521,Williamson County,TN,47187
2522,Wilson County,TN,47189
2523,Anderson County,TX,48001
2524,Andrews County,TX,48003
2525,Angelina County,TX,48005
2526,Aransas County,TX,48007
2527,Archer County,TX,48009
2528,Armstrong County,TX,48011
2529,Atascosa County,TX,48013
2530,Austin County,TX,48015
2531,Bailey County,TX,48017
2532,Bandera County,TX,48019
2533,Bastrop County,TX,48021
2534,Baylor County,TX,48023
2535,Bee County,TX,48025
2536,Bell County,TX,48027
2537,Bexar County,TX,48029
2538,Blanco County,TX,48031
2539,Borden County,TX,48033
2540,Bosque County,TX,48035
2541,Bowie County,TX,48037
2542,Brazoria County,TX,48039
2543,Brazos County,TX,48041
2544,Brewster County,TX,48043
2545,Briscoe County,TX,48045
2546,Brooks County,TX,48047
2547,Brown County,TX,48049
2548,Burleson County,TX,48051
2549,Burnet County,TX,48053
2550,Caldwell County,TX,48055
2551,Calhoun County,TX,48057
2552,Callahan County,TX,48059
2553,Cameron County,TX,48061
2554,Camp County,TX,48063
2555,Carson County,TX,48065
2556,Cass County,TX,48067
2557,Castro County,TX,48069
2558,Chambers County,TX,48071
2559,Cherokee County,TX,48073
2560,Childress County,TX,48075
2561,Clay County,TX,48077
2562,Cochran County,TX,48079
2563,Coke County,TX,48081
2564,Coleman County,TX,48083
2565,Collin County,TX,48085
2566,Collingsworth County,TX,48087
2567,Colorado County,TX,48089
2568,Comal County,TX,48091
2569,Comanche County,TX,48093
2570,Concho County,TX,48095
2571,Cooke County,TX,48097
2572,Coryell County,TX,48099
2573,Cottle County,TX,48101
2574,Crane County,TX,48103
2575,Crockett County,TX,48105
2576,Crosby County,TX,48107
2577,Culberson County,TX,48109
2578,Dallam County,TX,48111
2579,Dallas County,TX,48113
2580,Dawson County,TX,48115
2581,Deaf Smith County,TX,48117
2582,Delta County,TX,48119
2583,Denton County,TX,48121
2584,Dewitt County,TX,48123
2585,Dickens County,TX,48125
2586,Dimmit County,TX,48127
2587,Donley County,TX,48129
2588,Duval County,TX,48131
2589,Eastland County,TX,48133
2590,Ector County,TX,48135
2591,Edwards County,TX,48137
2592,Ellis County,TX,48139
2593,El Paso County,TX,48141
2594,Erath County,TX,48143
2595,Falls County,TX,48145
2596,Fannin County,TX,48147
2597,Fayette County,TX,48149
2598,Fisher County,TX,48151
2599,Floyd County,TX,48153
2600,Foard County,TX,48155
2601,Fort Bend County,TX,48157
2602,Franklin County,TX,48159
2603,Freestone County,TX,48161
2604,Frio County,TX,48163
2605,Gaines County,TX,48165
2606,Galveston County,TX,48167
2607,Garza County,TX,48169
2608,Gillespie County,TX,48171
2609,Glasscock County,TX,48173
2610,Goliad County,TX,48175
2611,Gonzales County,TX,48177
2612,Gray County,TX,48179
2613,Grayson County,TX,48181
2614,Gregg County,TX,48183
2615,Grimes County,TX,48185
2616,Guadalupe County,TX,48187
2617,Hale County,TX,48189
2618,Hall County,TX,48191
2619,Hamilton County,TX,48193
2620,Hansford County,TX,48195
2621,Hardeman County,TX,48197
2622,Hardin County,TX,48199
2623,Harris County,TX,48201
2624,Harrison County,TX,48203
2625,Hartley County,TX,48205
2626,Haskell County,TX,48207
2627,Hays County,TX,48209
2628,Hemphill County,TX,48211
2629,Henderson County,TX,48213
2630,Hidalgo County,TX,48215
2631,Hill County,TX,48217
2632,Hockley County,TX,48219
2633,Hood County,TX,48221
2634,Hopkins County,TX,48223
2635,Houston County,TX,48225
2636,Howard County,TX,48227
2637,Hudspeth County,TX,48229
2638,Hunt County,TX,48231
2639,Hutchinson County,TX,48233
2640,Irion County,TX,48235
2641,Jack County,TX,48237
2642,Jackson County,TX,48239
2643,Jasper County,TX,48241
2644,Jeff Davis County,TX,48243
2645,Jefferson County,TX,48245
2646,Jim Hogg County,TX,48247
2647,Jim Wells County,TX,48249
2648,Johnson County,TX,48251
2649,Jones County,TX,48253
2650,Karnes County,TX,48255
2651,Kaufman County,TX,48257
2652,Kendall County,TX,48259
2653,Kenedy County,TX,48261
2654,Kent County,TX,48263
2655,Kerr County,TX,48265
2656,Kimble County,TX,48267
2657,King County,TX,48269
2658,Kinney County,TX,48271
2659,Kleberg County,TX,48273
2660,Knox County,TX,48275
2661,Lamar County,TX,48277
2662,Lamb County,TX,48279
2663,Lampasas County,TX,48281
2664,La Salle County,TX,48283
2665,Lavaca County,TX,48285
2666,Lee County,TX,48287
2667,Leon County,TX,48289
2668,Liberty County,TX,48291
2669,Limestone County,TX,48293
2670,Lipscomb County,TX,48295
2671,Live Oak County,TX,48297
2672,Llano County,TX,48299
2673,Loving County,TX,48301
2674,Lubbock County,TX,48303
2675,Lynn County,TX,48305
2676,Mcculloch County,TX,48307
2677,Mclennan County,TX,48309
2678,Mcmullen County,TX,48311
2679,Madison County,TX,48313
2680,Marion County,TX,48315
2681,Martin County,TX,48317
2682,Mason County,TX,48319
2683,Matagorda County,TX,48321
2684,Maverick County,TX,48323
2685,Medina County,TX,48325
2686,Menard County,TX,48327
2687,Midland County,TX,48329
2688,Milam County,TX,48331
2689,Mills County,TX,48333
2690,Mitchell County,TX,48335
2691,Montague County,TX,48337
2692,Montgomery County,TX,48339
2693,Moore County,TX,48341
2694,Morris County,TX,48343
2695,Motley County,TX,48345
2696,Nacogdoches County,TX,48347
2697,Navarro County,TX,48349
2698,Newton County,TX,48351
2699,Nolan County,TX,48353
2700,Nueces County,TX,48355
2701,Ochiltree County,TX,48357
2702,Oldham County,TX,48359
2703,Orange County,TX,48361
2704,Palo Pinto County,TX,48363
2705,Panola County,TX,48365
2706,Parker County,TX,48367
2707,Parmer County,TX,48369
2708,Pecos County,TX,48371
2709,Polk County,TX,48373
2710,Potter County,TX,48375
2711,Presidio County,TX,48377
2712,Rains County,TX,48379
2713,Randall County,TX,48381
2714,Reagan County,TX,48383
2715,Real County,TX,48385
2716,Red River County,TX,48387
2717,Reeves County,TX,48389
2718,Refugio County,TX,48391
2719,Roberts County,TX,48393
2720,Robertson County,TX,48395
2721,Rockwall County,TX,48397
2722,Runnels County,TX,48399
2723,Rusk County,TX,48401
2724,Sabine County,TX,48403
2725,San Augustine County,TX,48405
2726,San Jacinto County,TX,48407
2727,San Patricio County,TX,48409
2728,San Saba County,TX,48411
2729,Schleicher County,TX,48413
2730,Scurry County,TX,48415
2731,Shackelford County,TX,48417
2732,Shelby County,TX,48419
2733,Sherman County,TX,48421
2734,Smith County,TX,48423
2735,Somervell County,TX,48425
2736,Starr County,TX,48427
2737,Stephens County,TX,48429
2738,Sterling County,TX,48431
2739,Stonewall County,TX,48433
2740,Sutton County,TX,48435
2741,Swisher County,TX,48437
2742,Tarrant County,TX,48439
2743,Taylor County,TX,48441
2744,Terrell County,TX,48443
2745,Terry County,TX,48445
2746,Throckmorton County,TX,48447
2747,Titus County,TX,48449
2748,Tom Green County,TX,48451
2749,Travis County,TX,48453
2750,Trinity County,TX,48455
2751,Tyler County,TX,48457
2752,Upshur County,TX,48459
2753,Upton County,TX,48461
2754,Uvalde County,TX,48463
2755,Val Verde County,TX,48465
2756,Van Zandt County,TX,48467
2757,Victoria County,TX,48469
2758,Walker County,TX,48471
2759,Waller County,TX,48473
2760,Ward County,TX,48475
2761,Washington County,TX,48477
2762,Webb County,TX,48479
2763,Wharton County,TX,48481
2764,Wheeler County,TX,48483
2765,Wichita County,TX,48485
2766,Wilbarger County,TX,48487
2767,Willacy County,TX,48489
2768,Williamson County,TX,48491
2769,Wilson County,TX,48493
2770,Winkler County,TX,48495
2771,Wise County,TX,48497
2772,Wood County,TX,48499
2773,Yoakum County,TX,48501
2774,Young County,TX,48503
2775,Zapata County,TX,48505
2776,Zavala County,TX,48507
2777,Beaver County,UT,49001
2778,Box Elder County,UT,49003
2779,Cache County,UT,49005
2780,Carbon County,UT,49007
2781,Daggett County,UT,49009
2782,Davis County,UT,49011
2783,Duchesne County,UT,49013
2784,Emery County,UT,49015
2785,Garfield County,UT,49017
2786,Grand County,UT,49019
2787,Iron County,UT,49021
2788,Juab County,UT,49023
2789,Kane County,UT,49025
2790,Millard County,UT,49027
2791,Morgan County,UT,49029
2792,Piute County,UT,49031
2793,Rich County,UT,49033
2794,Salt Lake County,UT,49035
2795,San Juan County,UT,49037
2796,Sanpete County,UT,49039
2797,Sevier County,UT,49041
2798,Summit County,UT,49043
2799,Tooele County,UT,49045
2800,Uintah County,UT,49047
2801,Utah County,UT,49049
2802,Wasatch County,UT,49051
2803,Washington County,UT,49053
2804,Wayne County,UT,49055
2805,Weber County,UT,49057
2806,Addison County,VT,50001
2807,Bennington County,VT,50003
2808,Caledonia County,VT,50005
2809,Chittenden County,VT,50007
2810,Essex County,VT,50009
2811,Franklin County,VT,50011
2812,Grand Isle County,VT,50013
2813,Lamoille County,VT,50015
2814,Orange County,VT,50017
2815,Orleans County,VT,50019
2816,Rutland County,VT,50021
2817,Washington County,VT,50023
2818,Windham County,VT,50025
2819,Windsor County,VT,50027
2820,Accomack County,VA,51001
2821,Albemarle County,VA,51003
2822,Alleghany County,VA,51005
2823,Amelia County,VA,51007
2824,Amherst County,VA,51009
2825,Appomattox County,VA,51011
2826,Arlington County,VA,51013
2827,Augusta County,VA,51015
2828,Bath County,VA,51017
2829,Bedford County,VA,51019
2830,Bland County,VA,51021
2831,Botetourt County,VA,51023
2832,Brunswick County,VA,51025
2833,Buchanan County,VA,51027
2834,Buckingham County,VA,51029
2835,Campbell County,VA,51031
2836,Caroline County,VA,51033
2837,Carroll County,VA,51035
2838,Charles City County,VA,51036
2839,Charlotte County,VA,51037
2840,Chesterfield County,VA,51041
2841,Clarke County,VA,51043
2842,Craig County,VA,51045
2843,Culpeper County,VA,51047
2844,Cumberland County,VA,51049
2845,Dickenson County,VA,51051
2846,Dinwiddie County,VA,51053
2847,Essex County,VA,51057
2848,Fairfax County,VA,51059
2849,Fauquier County,VA,51061
2850,Floyd County,VA,51063
2851,Fluvanna County,VA,51065
2852,Franklin County,VA,51067
2853,Frederick County,VA,51069
2854,Giles County,VA,51071
2855,Gloucester County,VA,51073
2856,Goochland County,VA,51075
2857,Grayson County,VA,51077
2858,Greene County,VA,51079
2859,Greensville County,VA,51081
2860,Halifax County,VA,51083
2861,Hanover County,VA,51085
2862,Henrico County,VA,51087
2863,Henry County,VA,51089
2864,Highland County,VA,51091
2865,Isle Of Wight County,VA,51093
2866,James City County,VA,51095
2867,King And Queen County,VA,51097
2868,King George County,VA,51099
2869,King William County,VA,51101
2870,Lancaster County,VA,51103
2871,Lee County,VA,51105
2872,Loudoun County,VA,51107
2873,Louisa County,VA,51109
2874,Lunenburg County,VA,51111
2875,Madison County,VA,51113
2876,Mathews County,VA,51115
2877,Mecklenburg County,VA,51117
2878,Middlesex County,VA,51119
2879,Montgomery County,VA,51121
2880,Nelson County,VA,51125
2881,New Kent County,VA,51127
2882,Northampton County,VA,51131
2883,Northumberland County,VA,51133
2884,Nottoway County,VA,51135
2885,Orange County,VA,51137
2886,Page County,VA,51139
2887,Patrick County,VA,51141
2888,Pittsylvania County,VA,51143
2889,Powhatan County,VA,51145
2890,Prince Edward County,VA,51147
2891,Prince George County,VA,51149
2892,Prince William County,VA,51153
2893,Pulaski County,VA,51155
2894,Rappahannock County,VA,51157
2895,Richmond County,VA,51159
2896,Roanoke County,VA,51161
2897,Rockbridge County,VA,51163
2898,Rockingham County,VA,51165
2899,Russell County,VA,51167
2900,Scott County,VA,51169
2901,Shenandoah County,VA,51171
2902,Smyth County,VA,51173
2903,Southampton County,VA,51175
2904,Spotsylvania County,VA,51177
2905,Stafford County,VA,51179
2906,Surry County,VA,51181
2907,Sussex County,VA,51183
2908,Tazewell County,VA,51185
2909,Warren County,VA,51187
2910,Washington County,VA,51191
2911,Westmoreland County,VA,51193
2912,Wise County,VA,51195
2913,Wythe County,VA,51197
2914,York County,VA,51199
2915,Alexandria City,VA,51510
2916,Bedford City,VA,51515
2917,Bristol City,VA,51520
2918,Buena Vista City,VA,51530
2919,Charlottesville City,VA,51540
2920,Chesapeake City,VA,51550
2921,Colonial Heights City,VA,51570
2922,Covington City,VA,51580
2923,Danville City,VA,51590
2924,Emporia City,VA,51595
2925,Fairfax City,VA,51600
2926,Falls Church City,VA,51610
2927,Franklin City,VA,51620
2928,Fredericksburg City,VA,51630
2929,Galax City,VA,51640
2930,Hampton City,VA,51650
2931,Harrisonburg City,VA,51660
2932,Hopewell City,VA,51670
2933,Lexington City,VA,51678
2934,Lynchburg City,VA,51680
2935,Manassas City,VA,51683
2936,Manassas Park City,VA,51685
2937,Martinsville City,VA,51690
2938,Newport News City,VA,51700
2939,Norfolk City,VA,51710
2940,Norton City,VA,51720
2941,Petersburg City,VA,51730
2942,Poquoson City,VA,51735
2943,Portsmouth City,VA,51740
2944,Radford City,VA,51750
2945,Richmond City,VA,51760
2946,Roanoke City,VA,51770
2947,Salem City,VA,51775
2948,Staunton City,VA,51790
2949,Suffolk City,VA,51800
2950,Virginia Beach City,VA,51810
2951,Waynesboro City,VA,51820
2952,Williamsburg City,VA,51830
2953,Winchester City,VA,51840
2954,Adams County,WA,53001
2955,Asotin County,WA,53003
2956,Benton County,WA,53005
2957,Chelan County,WA,53007
2958,Clallam County,WA,53009
2959,Clark County,WA,53011
2960,Columbia County,WA,53013
2961,Cowlitz County,WA,53015
2962,Douglas County,WA,53017
2963,Ferry County,WA,53019
2964,Franklin County,WA,53021
2965,Garfield County,WA,53023
2966,Grant County,WA,53025
2967,Grays Harbor County,WA,53027
2968,Island County,WA,53029
2969,Jefferson County,WA,53031
2970,King County,WA,53033
2971,Kitsap County,WA,53035
2972,Kittitas County,WA,53037
2973,Klickitat County,WA,53039
2974,Lewis County,WA,53041
2975,Lincoln County,WA,53043
2976,Mason County,WA,53045
2977,Okanogan County,WA,53047
2978,Pacific County,WA,53049
2979,Pend Oreille County,WA,53051
2980,Pierce County,WA,53053
2981,San Juan County,WA,53055
2982,Skagit County,WA,53057
2983,Skamania County,WA,53059
2984,Snohomish County,WA,53061
2985,Spokane County,WA,53063
2986,Stevens County,WA,53065
2987,Thurston County,WA,53067
2988,Wahkiakum County,WA,53069
2989,Walla Walla County,WA,53071
2990,Whatcom County,WA,53073
2991,Whitman County,WA,53075
2992,Yakima County,WA,53077
2993,Barbour County,WV,54001
2994,Berkeley County,WV,54003
2995,Boone County,WV,54005
2996,Braxton County,WV,54007
2997,Brooke County,WV,54009
2998,Cabell County,WV,54011
2999,Calhoun County,WV,54013
3000,Clay County,WV,54015
3001,Doddridge County,WV,54017
3002,Fayette County,WV,54019
3003,Gilmer County,WV,54021
3004,Grant County,WV,54023
3005,Greenbrier County,WV,54025
3006,Hampshire County,WV,54027
3007,Hancock County,WV,54029
3008,Hardy County,WV,54031
3009,Harrison County,WV,54033
3010,Jackson County,WV,54035
3011,Jefferson County,WV,54037
3012,Kanawha County,WV,54039
3013,Lewis County,WV,54041
3014,Lincoln County,WV,54043
3015,Logan County,WV,54045
3016,Mcdowell County,WV,54047
3017,Marion County,WV,54049
3018,Marshall County,WV,54051
3019,Mason County,WV,54053
3020,Mercer County,WV,54055
3021,Mineral County,WV,54057
3022,Mingo County,WV,54059
3023,Monongalia County,WV,54061
3024,Monroe County,WV,54063
3025,Morgan County,WV,54065
3026,Nicholas County,WV,54067
3027,Ohio County,WV,54069
3028,Pendleton County,WV,54071
3029,Pleasants County,WV,54073
3030,Pocahontas County,WV,54075
3031,Preston County,WV,54077
3032,Putnam County,WV,54079
3033,Raleigh County,WV,54081
3034,Randolph County,WV,54083
3035,Ritchie County,WV,54085
3036,Roane County,WV,54087
3037,Summers County,WV,54089
3038,Taylor County,WV,54091
3039,Tucker County,WV,54093
3040,Tyler County,WV,54095
3041,Upshur County,WV,54097
3042,Wayne County,WV,54099
3043,Webster County,WV,54101
3044,Wetzel County,WV,54103
3045,Wirt County,WV,54105
3046,Wood County,WV,54107
3047,Wyoming County,WV,54109
3048,Adams County,WI,55001
3049,Ashland County,WI,55003
3050,Barron County,WI,55005
3051,Bayfield County,WI,55007
3052,Brown County,WI,55009
3053,Buffalo County,WI,55011
3054,Burnett County,WI,55013
3055,Calumet County,WI,55015
3056,Chippewa County,WI,55017
3057,Clark County,WI,55019
3058,Columbia County,WI,55021
3059,Crawford County,WI,55023
3060,Dane County,WI,55025
3061,Dodge County,WI,55027
3062,Door County,WI,55029
3063,Douglas County,WI,55031
3064,Dunn County,WI,55033
3065,Eau Claire County,WI,55035
3066,Florence County,WI,55037
3067,Fond Du Lac County,WI,55039
3068,Forest County,WI,55041
3069,Grant County,WI,55043
3070,Green County,WI,55045
3071,Green Lake County,WI,55047
3072,Iowa County,WI,55049
3073,Iron County,WI,55051
3074,Jackson County,WI,55053
3075,Jefferson County,WI,55055
3076,Juneau County,WI,55057
3077,Kenosha County,WI,55059
3078,Kewaunee County,WI,55061
3079,La Crosse County,WI,55063
3080,Lafayette County,WI,55065
3081,Langlade County,WI,55067
3082,Lincoln County,WI,55069
3083,Manitowoc County,WI,55071
3084,Marathon County,WI,55073
3085,Marinette County,WI,55075
3086,Marquette County,WI,55077
3087,Menominee County,WI,55078
3088,Milwaukee County,WI,55079
3089,Monroe County,WI,55081
3090,Oconto County,WI,55083
3091,Oneida County,WI,55085
3092,Outagamie County,WI,55087
3093,Ozaukee County,WI,55089
3094,Pepin County,WI,55091
3095,Pierce County,WI,55093
3096,Polk County,WI,55095
3097,Portage County,WI,55097
3098,Price County,WI,55099
3099,Racine County,WI,55101
3100,Richland County,WI,55103
3101,Rock County,WI,55105
3102,Rusk County,WI,55107
3103,St. Croix County,WI,55109
3104,Sauk County,WI,55111
3105,Sawyer County,WI,55113
3106,Shawano County,WI,55115
3107,Sheboygan County,WI,55117
3108,Taylor County,WI,55119
3109,Trempealeau County,WI,55121
3110,Vernon County,WI,55123
3111,Vilas County,WI,55125
3112,Walworth County,WI,55127
3113,Washburn County,WI,55129
3114,Washington County,WI,55131
3115,Waukesha County,WI,55133
3116,Waupaca County,WI,55135
3117,Waushara County,WI,55137
3118,Winnebago County,WI,55139
3119,Wood County,WI,55141
3120,Albany County,WY,56001
3121,Big Horn County,WY,56003
3122,Campbell County,WY,56005
3123,Carbon County,WY,56007
3124,Converse County,WY,56009
3125,Crook County,WY,56011
3126,Fremont County,WY,56013
3127,Goshen County,WY,56015
3128,Hot Springs County,WY,56017
3129,Johnson County,WY,56019
3130,Laramie County,WY,56021
3131,Lincoln County,WY,56023
3132,Natrona County,WY,56025
3133,Niobrara County,WY,56027
3134,Park County,WY,56029
3135,Platte County,WY,56031
3136,Sheridan County,WY,56033
3137,Sublette County,WY,56035
3138,Sweetwater County,WY,56037
3139,Teton County,WY,56039
3140,Uinta County,WY,56041
3141,Washakie County,WY,56043
3142,Weston County,WY,56045
